,Unnamed: 0,TD3_det_q,TD3_det_policy,TD3_stoc_q,TD3_stoc_policy
0,0,0.7554968098799387,0.07440567761659622,0.6568359837142957,0.08419898897409439
1,1,0.06847157720476389,0.013265318237245085,0.07162400497123599,0.061351340264081955
2,2,0.05918068686500193,0.05254170298576355,0.04871051819995045,0.11112961918115616
3,3,0.05072994786314666,0.04743696376681328,0.06886743856593966,0.1473778933286667
4,4,0.058802575394511225,0.020802613347768784,0.05779237597249448,0.16280551254749298
5,5,0.06548951536417008,0.06431158632040024,0.06869425481185316,0.20620077848434448
6,6,0.06008515568915755,0.0744069367647171,0.045063462303951383,0.2626905143260956
7,7,0.09644121889956296,0.09042466431856157,0.06595040589571,0.1509978324174881
8,8,0.0755109866335988,0.053598225116729736,0.0759986638650298,0.12333574891090393
9,9,0.07844301507808267,0.0704953745007515,0.04908392783254385,0.14226289093494415
10,10,0.0621979754883796,0.029386963695287708,0.05775292829144746,0.13268263638019562
11,11,0.0715851650480181,0.06469085067510605,0.08391761803999544,0.06799744069576263
12,12,0.09199006638489664,0.029785118997097012,0.07218089494854212,0.1019178256392479
13,13,0.05664061891846359,-0.2047283351421356,0.06313662856817245,0.04077654704451561
14,14,0.07878625323064625,-0.35785868763923645,0.0730256288871169,0.06353824585676193
15,15,0.06507712079212069,-0.4201368391513825,0.07719946017488838,0.04272095859050751
16,16,0.0692298008967191,-0.4253967106342316,0.08139140723273158,0.09107696264982224
17,17,0.06585174607113004,-0.4631433784961701,0.08097886631265283,0.04994851350784302
18,18,0.10340097494423388,-0.6277658939361572,0.08148401729762554,-0.024278098717331886
19,19,0.11635466653853654,-0.6893350481987,0.08296489827334881,-0.04589834064245224
20,20,0.10360510824248197,-0.596670925617218,0.08320144047960638,0.026297541335225105
21,21,0.09241038696840403,-0.7126390933990479,0.08716573828831314,-0.03135678544640541
22,22,0.12694412540644406,-0.6833405494689941,0.12394017700105905,-0.011821380816400051
23,23,0.09112825425341724,-0.5967211723327637,0.08785652013495565,-0.07128538936376572
24,24,0.08006284443661571,-0.657340407371521,0.07879144601523876,-0.20118851959705353
25,25,0.0843385922908783,-0.6740813255310059,0.07629046276211739,-0.2306305170059204
26,26,0.10354210007935764,-0.7445324063301086,0.08783973999321461,-0.2610049545764923
27,27,0.10207750629633663,-0.7775973081588745,0.07704324372112752,-0.26936569809913635
28,28,0.1088147098571062,-1.087788224220276,0.08342506339773535,-0.34056583046913147
29,29,0.08632619898766279,-1.2875683307647705,0.081493079662323,-0.3221748471260071
30,30,0.06971621323376892,-1.3046010732650757,0.11321037583053112,-0.5090630054473877
31,31,0.11378252796828747,-1.0387214422225952,0.07963293947279454,-0.48654332756996155
32,32,0.11246010150760412,-1.3542721271514893,0.10982266936451196,-0.5773678421974182
33,33,0.08868624728173018,-1.277541995048523,0.09752217277884484,-0.7568473219871521
34,34,0.09726921446621417,-1.3150790929794312,0.09953519165515899,-1.052549123764038
35,35,0.09108474794775248,-1.6373062133789062,0.10405813574790955,-1.0896326303482056
36,36,0.1266395218670368,-1.4804147481918335,0.1061292602494359,-0.9657427668571472
37,37,0.09832901144400237,-1.470762014389038,0.08349388487637042,-1.3045673370361328
38,38,0.08815849658101797,-1.624661207199097,0.11673122819513082,-1.3623533248901367
39,39,0.08775616548955441,-1.700442910194397,0.10490502089262009,-1.3319487571716309
40,40,0.10429519098252056,-1.8007158041000366,0.10768881730735302,-1.3105645179748535
41,41,0.1318213154748082,-1.815176010131836,0.11838250536471605,-1.5052706003189087
42,42,0.09417648378759624,-1.8367180824279783,0.09812723863869906,-1.557151198387146
43,43,0.08538523182272911,-1.9470856189727783,0.109900530166924,-1.594401478767395
44,44,0.09546942703425884,-2.023139953613281,0.1271857824549079,-1.79300057888031
45,45,0.1346737501770258,-2.0026955604553223,0.11864235904067755,-1.6874299049377441
46,46,0.1067565657198429,-1.883446216583252,0.09463551975786685,-1.8856308460235596
47,47,0.09025335263460876,-2.2063632011413574,0.12977162696421146,-1.8559082746505737
48,48,0.08017289847135542,-2.197836399078369,0.13096439048647882,-2.0162172317504883
49,49,0.11547593142837285,-2.2196617126464844,0.09153297945857047,-2.043668031692505
50,50,0.08800350036472082,-2.2577016353607178,0.10408354833722115,-2.0091440677642822
51,51,0.10453989803791046,-2.388010025024414,0.10803050965070725,-2.1760947704315186
52,52,0.10619900744408367,-2.633728504180908,0.10304034162312746,-2.018737554550171
53,53,0.1159524791315198,-2.4534406661987305,0.09834176775068044,-2.2573442459106445
54,54,0.09409870818257332,-2.431844711303711,0.11092497296631336,-1.9990928173065186
55,55,0.11151900310069322,-2.5754756927490234,0.10508383359760046,-2.1599764823913574
56,56,0.0956131798401475,-2.4696567058563232,0.09675811231136322,-2.150446653366089
57,57,0.10678221162408592,-2.708394765853882,0.1404032639041543,-2.168504238128662
58,58,0.09719637459143997,-2.72941517829895,0.1359283848851919,-2.1498324871063232
59,59,0.0970861268788576,-2.9137232303619385,0.11975758999586106,-2.2713139057159424
60,60,0.0942601626738906,-2.805856227874756,0.1081964085996151,-2.352728843688965
61,61,0.09657866241410376,-2.976166248321533,0.12355457916855812,-2.314070224761963
62,62,0.09215068954974412,-2.8739125728607178,0.11753838069736958,-2.1619300842285156
63,63,0.09510120678693056,-2.9168965816497803,0.1223012050613761,-2.2562315464019775
64,64,0.08019841399043798,-3.0117881298065186,0.10558539897203445,-2.1693639755249023
65,65,0.09795965768396854,-3.257811546325684,0.09798804230988026,-2.272148609161377
66,66,0.10198192939162254,-3.2690412998199463,0.1263312927633524,-2.243762254714966
67,67,0.09146001137793064,-2.946852922439575,0.11573604486882687,-2.3980376720428467
68,68,0.09408197391778232,-2.961761474609375,0.11271131884306669,-2.4213740825653076
69,69,0.10985373439267278,-3.049860954284668,0.13669856294989585,-2.5154688358306885
70,70,0.11865084782242775,-3.009938240051269,0.10998588643968105,-2.687257766723633
71,71,0.11242317378520966,-3.0463454723358154,0.1104868433624506,-2.547991991043091
72,72,0.09400300923734904,-2.955557584762573,0.11548696253448724,-2.6929805278778076
73,73,0.111579984202981,-3.0672702789306636,0.11817975200712681,-2.567152500152588
74,74,0.10392344305291773,-3.1091318130493164,0.12348871637135744,-2.572789430618286
75,75,0.09750113416463137,-3.240745306015014,0.12309237908571959,-2.5668747425079346
76,76,0.08393711661919953,-3.030708312988281,0.09821686532348395,-2.6318817138671875
77,77,0.0983436480537057,-2.941101551055908,0.13170777227729558,-2.437751054763794
78,78,0.0986393249221146,-3.0580713748931885,0.132379854246974,-2.6363751888275146
79,79,0.07497050076723097,-3.284006357192993,0.1039228929579258,-2.4442262649536133
80,80,0.09643123790621758,-3.2660789489746094,0.11857994072139263,-2.383171796798706
81,81,0.11727066414430735,-3.041245222091675,0.12376634828746319,-2.322948694229126
82,82,0.09238551441580058,-2.9393372535705566,0.10746071260422468,-2.390092611312866
83,83,0.09033574365079404,-3.162832498550415,0.11809124495834113,-2.515126943588257
84,84,0.08854398204013705,-2.9520680904388428,0.13565142367035152,-2.264347791671753
85,85,0.0769204123876989,-3.1248745918273926,0.0989669056236744,-2.483035087585449
86,86,0.1039964308962226,-3.079464197158813,0.10385571885854006,-2.1414270401000977
87,87,0.09163897011429073,-3.1753990650177,0.11364460024982691,-2.290332794189453
88,88,0.09537312217056752,-3.0391790866851807,0.10676199279725551,-2.376126289367676
89,89,0.10470162423327566,-3.09923791885376,0.120468683950603,-2.4916932582855225
90,90,0.08185650074854492,-3.2864010334014893,0.13384843282401562,-2.4926605224609375
91,91,0.102555561196059,-2.8898632526397705,0.14144874215126038,-2.5528786182403564
92,92,0.07285943498834968,-3.1346609592437744,0.1126517378538847,-2.4269862174987793
93,93,0.10329802453517914,-2.8135905265808105,0.09331710755825043,-2.433832883834839
94,94,0.09075441986322402,-2.9062099456787114,0.12316489946097135,-2.258026361465454
95,95,0.06947506910189986,-2.826915740966797,0.1011540785804391,-2.5546698570251465
96,96,0.09084477726370097,-3.129246711730957,0.10760015197098255,-2.2472996711730957
97,97,0.08693550307303667,-3.014203786849976,0.1117028871178627,-2.4864492416381836
98,98,0.0909839747287333,-2.8940176963806152,0.10026688691228629,-2.491551399230957
99,99,0.09099768405780197,-3.0309419631958012,0.10393203943967819,-2.493635892868042
100,100,0.07841255927458406,-2.9188342094421387,0.09854050725698471,-2.4498846530914307
101,101,0.09215759033337237,-2.8239667415618896,0.08931324649602175,-2.537783145904541
102,102,0.07556598683819175,-2.806736946105957,0.14180878553539514,-2.142596960067749
103,103,0.09085422614589334,-2.892597198486328,0.10817649118602275,-2.3096368312835693
104,104,0.09092980364337563,-2.936925411224365,0.12878776174038647,-2.334980010986328
105,105,0.10991418778896332,-2.944995880126953,0.11510031830519438,-2.2129087448120117
106,106,0.07400482779368757,-2.817624807357788,0.09058820758014917,-2.136937379837036
107,107,0.09562636375427246,-2.9204447269439697,0.08582304060459137,-2.2864837646484375
108,108,0.08059923760592938,-2.6616079807281494,0.11311419244855642,-2.3192124366760254
109,109,0.07897030869498849,-2.6239380836486816,0.12439782228320836,-2.292520761489868
110,110,0.08861597668379545,-2.6253364086151123,0.11189685877412557,-2.3094887733459473
111,111,0.07939642496407033,-2.6845529079437256,0.10925659341737629,-2.1000919342041016
112,112,0.09404691165313124,-2.56440544128418,0.09568420803174377,-2.3078055381774902
113,113,0.10182197565212846,-2.5888733863830566,0.1257528880611062,-2.252103567123413
114,114,0.09074184961616992,-2.67045259475708,0.12394743997603655,-2.279139280319214
115,115,0.07654248217120767,-2.5976581573486333,0.1192080245539546,-2.503805160522461
116,116,0.1015550309792161,-2.541741371154785,0.10315014518797398,-2.431215763092041
117,117,0.07686743717640639,-2.468880176544189,0.08970414005219936,-2.2307212352752686
118,118,0.07192029183730482,-2.508197784423828,0.09246242426335811,-2.1345748901367188
119,119,0.0860922977887094,-2.3605360984802246,0.12010691333562136,-2.379805088043213
120,120,0.10950421534478663,-2.6563034057617188,0.11228224877268075,-1.996330976486206
121,121,0.08014111688360571,-2.4921019077301025,0.0919720397517085,-2.059724807739258
122,122,0.10603013867512344,-2.6644151210784908,0.11690542709082365,-2.0959722995758057
123,123,0.08705436593852937,-2.469437599182129,0.10606973059475422,-2.2308919429779053
124,124,0.08584666293114424,-2.687499523162842,0.10102919988334179,-1.9746358394622803
125,125,0.09872848164290188,-2.2634177207946777,0.08935001412406564,-2.254625082015991
126,126,0.08330805419012904,-2.341407299041748,0.0977101469784975,-2.1887388229370117
127,127,0.0646444140560925,-2.438913345336914,0.11421864669770003,-2.130516290664673
128,128,0.09133689522743224,-2.334209442138672,0.10165313908830285,-2.045100688934326
129,129,0.0939942473731935,-2.237420082092285,0.10145850367844104,-2.06734299659729
130,130,0.07795047545805574,-2.1928939819335938,0.0978430787473917,-2.1199285984039307
131,131,0.07227454446256161,-2.2224485874176025,0.10462706204503774,-2.040374279022217
132,132,0.0879829671420157,-2.3949134349823,0.10397925842553377,-2.0220844745635986
133,133,0.0807845570333302,-2.3326129913330083,0.08101064294576645,-1.9601231813430786
134,134,0.0635547565948218,-2.3554837703704834,0.08193940317258239,-1.9227720499038696
135,135,0.0876457179710269,-2.345478057861328,0.10220880385488272,-2.119457244873047
136,136,0.07977499978616834,-2.311287641525269,0.1188833537325263,-2.0780439376831055
137,137,0.10178935239091516,-2.5006723403930664,0.10965498190373182,-2.2335476875305176
138,138,0.07763106171041728,-2.3947200775146484,0.09331402804702521,-2.1042633056640625
139,139,0.06552593095228076,-2.231218814849853,0.09107565097510814,-2.1119325160980225
140,140,0.07683160303160548,-2.1764388084411617,0.08916356433182955,-1.8910651206970215
141,141,0.06504662992432714,-2.2768430709838867,0.0838186409138143,-1.9300943613052368
142,142,0.08118203038349747,-2.1618378162384038,0.12210089184343814,-1.98850679397583
143,143,0.07061429768800735,-2.2431960105896,0.09450819671154022,-1.9692058563232422
144,144,0.07593965427950025,-2.0719139575958248,0.10029567308723926,-1.7567880153656006
145,145,0.07266288476064801,-2.1881444454193115,0.09148075852543115,-2.0141005516052246
146,146,0.07163137879222631,-2.1202137470245357,0.12208763126283884,-1.9204213619232178
147,147,0.08867132697254419,-2.400646686553955,0.08485425513237715,-1.9777487516403198
148,148,0.07852526085451245,-2.1354608535766597,0.10381170641630888,-1.8803011178970337
149,149,0.08616376051679253,-1.9852681159973145,0.09854436278343201,-1.871422529220581
150,150,0.09631203750148416,-2.1258618831634517,0.07375362601131201,-1.6700845956802368
151,151,0.09381814994849264,-1.9426164627075195,0.08121642619371414,-2.017976760864258
152,152,0.0695476103760302,-1.913042068481445,0.08064897371456027,-1.7846028804779053
153,153,0.06067029494792224,-1.7359111309051514,0.07865980822592973,-1.9290025234222412
154,154,0.09308440987020733,-1.985773205757141,0.0812782778404653,-1.8546435832977295
155,155,0.09317250603809953,-1.8637447357177732,0.10106590557843446,-1.9529672861099243
156,156,0.08634495597332716,-2.106739282608032,0.08106889428570867,-1.89069402217865
157,157,0.07637871153652669,-1.7667604684829712,0.09310318078845739,-2.0311951637268066
158,158,0.0872485957853496,-1.886840224266052,0.0773556473851204,-1.7486050128936768
159,159,0.06214436911046505,-1.8161287307739256,0.0986006322130561,-1.8295689821243286
160,160,0.11557948775589465,-1.7464240789413452,0.09835203517228365,-1.8033627271652222
161,161,0.0665217325463891,-1.8907324075698853,0.10626414710655809,-1.5927083492279053
162,162,0.07737976644188166,-2.007296085357666,0.09742974346503615,-1.723839282989502
163,163,0.08971270063892006,-2.0055975914001465,0.11184637857601047,-1.8088765144348145
164,164,0.0799400968849659,-1.8235700130462649,0.07837011329829693,-1.8040491342544556
165,165,0.07692331980913877,-2.095792293548584,0.0909210241958499,-1.6060446500778198
166,166,0.07089227663353086,-2.0688648223876958,0.08233899788931012,-1.7421661615371704
167,167,0.08506144551560282,-1.6894911527633667,0.11244375597685576,-1.537331223487854
168,168,0.08392450217157603,-1.849356293678284,0.10398387931287288,-1.7137610912322998
169,169,0.07402082052081824,-1.7078242301940918,0.08715587958693505,-1.56942617893219
170,170,0.06057135259732604,-1.820966720581055,0.08888621954247355,-1.5930503606796265
171,171,0.10269580410793423,-1.8797745704650881,0.07793885808438063,-1.7854567766189575
172,172,0.0757345347572118,-1.6348216533660889,0.09614183576777577,-1.6390436887741089
173,173,0.05599078278057277,-1.717997670173645,0.08846409626305103,-1.6558585166931152
174,174,0.07127331471070647,-1.6165807247161863,0.083448777012527,-1.8143634796142578
175,175,0.07957507824525238,-1.732048749923706,0.10024872153997422,-1.660690188407898
176,176,0.08764400893822312,-1.5694329738616943,0.08710968980565667,-1.7121098041534424
177,177,0.07937940079718828,-1.6599373817443848,0.08731934858486057,-1.7877706289291382
178,178,0.08209331885911525,-1.650155544281006,0.09013302950188518,-1.602502703666687
179,179,0.06404367190785706,-1.7036511898040771,0.0884447031095624,-1.6246079206466675
180,180,0.08852493785321712,-1.49626624584198,0.08540001146495342,-1.7449969053268433
181,181,0.07173544432036577,-1.6322286128997805,0.10736830215901136,-1.5070600509643555
182,182,0.07189680486917496,-1.558066487312317,0.07483077673241496,-1.853927493095398
183,183,0.08429188183508814,-1.6594583988189695,0.07809263451024889,-1.6959385871887207
184,184,0.08126553867012262,-1.5192599296569824,0.08325357839465142,-1.6855707168579102
185,185,0.06351300053298474,-1.6317098140716553,0.09074741017073393,-1.4840898513793945
186,186,0.06720993604511022,-1.2352081537246704,0.07686666363850236,-1.760095477104187
187,187,0.07093530926853417,-1.5260056257247925,0.09815269768238068,-1.5516196489334106
188,188,0.07477208750322463,-1.5361204147338867,0.09180155314505101,-1.52804696559906
189,189,0.07706432927399874,-1.5891281366348269,0.07750988356769085,-1.4413024187088013
190,190,0.08028399761766196,-1.518759846687317,0.09050074707716703,-1.4160739183425903
191,191,0.07874756893143058,-1.6335916519165041,0.09614673238247633,-1.7339009046554565
192,192,0.06137803200632334,-1.8160254955291748,0.0916559717990458,-1.518397569656372
193,193,0.08420431550592182,-1.45409893989563,0.1124759216606617,-1.4687347412109375
194,194,0.08199728444218636,-1.705014944076538,0.11665081884711981,-1.6789354085922241
195,195,0.0787586005963385,-1.5117294788360596,0.08673969624564051,-1.7122700214385986
196,196,0.08547023788094521,-1.6473989486694336,0.08545827524736524,-1.6031849384307861
197,197,0.08113843204453587,-1.553075075149536,0.08064039370045066,-1.602146029472351
198,198,0.07669757949188352,-1.8649005889892576,0.08762431567534805,-1.606784462928772
199,199,0.06277474820613861,-1.4456417560577393,0.08685658669099211,-1.7541944980621338
200,200,0.06569002186879516,-1.688161849975586,0.09791404344141483,-1.743106484413147
201,201,0.07078684076666833,-1.5648993253707886,0.07259561853483319,-1.6790623664855957
202,202,0.0609560670517385,-1.4170255661010742,0.07817263355478644,-1.5925899744033813
203,203,0.07076953737065196,-1.5054783821105957,0.08119637535884977,-1.8759657144546509
204,204,0.09945213107392192,-1.6216001510620115,0.07767912687733769,-1.5497713088989258
205,205,0.07698154868558049,-1.6216235160827637,0.08258034139871598,-1.4876275062561035
206,206,0.07075062282383443,-1.7115629911422732,0.08045196808874606,-1.7365598678588867
207,207,0.06233035046607256,-1.5347423553466797,0.08809848913922906,-1.521340012550354
208,208,0.0834841356985271,-1.425448656082153,0.10124058835208416,-1.6121058464050293
209,209,0.06686712259426714,-1.536359786987305,0.10798408143222332,-1.5487422943115234
210,210,0.06711115276440978,-1.6615570783615112,0.07784240333363414,-1.7361143827438354
211,211,0.08531581887975337,-1.355967998504639,0.09473764399066567,-1.637117624282837
212,212,0.07612008347176015,-1.5138791799545288,0.09292923234403133,-1.6561692953109741
213,213,0.07515505872666836,-1.5528459548950195,0.08998557822778822,-1.4255919456481934
214,214,0.07414890879765153,-1.577284574508667,0.0880002654530108,-1.451906442642212
215,215,0.07362404933199286,-1.5759148597717283,0.07794217551127076,-1.6293747425079346
216,216,0.0718937906716019,-1.6190732717514038,0.07367360953241586,-1.4277256727218628
217,217,0.07010934710502624,-1.5321238040924072,0.08603108720853925,-1.580086588859558
218,218,0.06410489730536938,-1.4704198837280271,0.09916697094216943,-1.5826473236083984
219,219,0.07524822948500515,-1.735857605934143,0.07830242889001965,-1.6120713949203491
220,220,0.05834581033326685,-1.6226873397827148,0.09884295677766204,-1.4360235929489136
221,221,0.08442770596593617,-1.510128378868103,0.09408595519140363,-1.6143505573272705
222,222,0.06351960264146328,-1.4556940793991089,0.09080130755901336,-1.5442413091659546
223,223,0.06934624217450619,-1.401755928993225,0.08424115102738142,-1.6489146947860718
224,224,0.06966868391260504,-1.3971489667892456,0.08168643405660987,-1.581591010093689
225,225,0.07287476213648915,-1.379767656326294,0.07698368765413761,-1.4599008560180664
226,226,0.0785814093053341,-1.465551257133484,0.09556230476126075,-1.3872959613800049
227,227,0.08723223090171814,-1.4245848655700684,0.08500551003962756,-1.363267183303833
228,228,0.06893689115531743,-1.4635419845581057,0.08224751684814692,-1.4535467624664307
229,229,0.06718768507242202,-1.5959852933883667,0.07615554848685861,-1.2897119522094727
230,230,0.06683626798912883,-1.6086727380752563,0.08355173159390689,-1.4717655181884766
231,231,0.08138243047520519,-1.3248133659362793,0.06685353804379701,-1.4516284465789795
232,232,0.07187202446162701,-1.5049088001251218,0.07762077536433935,-1.6287016868591309
233,233,0.07293927386403083,-1.5401279926300049,0.08054370984435082,-1.5032644271850586
234,234,0.07424316681921482,-1.525308609008789,0.07679321268573404,-1.7015202045440674
235,235,0.06381663116626443,-1.4176359176635742,0.08276161886751651,-1.5173431634902954
236,236,0.07167593962512911,-1.492561936378479,0.08181092545390128,-1.5980359315872192
237,237,0.07567092875950038,-1.532860279083252,0.08192393656820059,-1.3458231687545776
238,238,0.06708676886744798,-1.4974123239517212,0.08489620823413134,-1.3833857774734497
239,239,0.06243700267747045,-1.485848903656006,0.07203293493017554,-1.4598627090454102
240,240,0.08514867121353746,-1.5302538871765137,0.09080831306055188,-1.4622308015823364
241,241,0.08560638130642474,-1.4122079610824585,0.09288711726665497,-1.3696902990341187
242,242,0.060548447892069826,-1.448539972305298,0.09245420886203647,-1.269408106803894
243,243,0.07784650895744563,-1.5159776210784912,0.09495968293398618,-1.3674335479736328
244,244,0.07375612960197031,-1.3723260164260864,0.09158380459994078,-1.4524928331375122
245,245,0.06440860536880791,-1.3461370468139648,0.07535846065729856,-1.2490234375
246,246,0.07199658692814409,-1.2735403776168823,0.09925855595618487,-1.4724452495574951
247,247,0.0652581787109375,-1.3757013082504272,0.09423424575477839,-1.438854455947876
248,248,0.0785297810845077,-1.3151955604553225,0.10744022125378251,-1.263864278793335
249,249,0.08813890103250742,-1.3561182022094729,0.09914061916992069,-1.4024893045425415
250,250,0.08886483602225781,-1.4418911933898926,0.08513027193024754,-1.3581030368804932
251,251,0.08159196512773632,-1.6665369272232056,0.08070327885448933,-1.3097972869873047
252,252,0.0964553783647716,-1.4073981046676636,0.08884519252926111,-1.278172254562378
253,253,0.0649748120456934,-1.3508200645446775,0.07220870802178979,-1.3539340496063232
254,254,0.08064697390422225,-1.1755876541137695,0.09752736015245318,-1.294269323348999
255,255,0.08527685672044755,-1.484921097755432,0.08264488397166132,-1.4087680578231812
256,256,0.0735070036444813,-1.4570553302764893,0.07662650302052498,-1.3056581020355225
257,257,0.07259560056962072,-1.2606182098388672,0.08764520555734634,-1.4111047983169556
258,258,0.07901373519562185,-1.103498458862305,0.0683633247204125,-1.3928353786468506
259,259,0.0612978951819241,-1.3727896213531494,0.06983119187876582,-1.249220848083496
260,260,0.08480063900351524,-1.3136860132217407,0.10724526071920991,-1.3787522315979004
261,261,0.07761432142928243,-1.43877375125885,0.07459299203008413,-1.4036091566085815
262,262,0.07268883895128965,-1.3221601247787476,0.07861636184155942,-1.21603262424469
263,263,0.08608946114778519,-1.3330824375152588,0.0876691915281117,-1.2607370615005493
264,264,0.07334588401950896,-1.224479913711548,0.07852350616827607,-1.2581061124801636
265,265,0.06034081718884408,-1.3819997310638428,0.07716632176190615,-1.2571128606796265
266,266,0.06438774600625037,-1.4519418478012085,0.08630934055894614,-1.3748080730438232
267,267,0.07229905769228935,-1.3276515007019043,0.09332259126007557,-1.2876828908920288
268,268,0.06350345785729587,-1.4149134159088137,0.08897612569853663,-1.2345466613769531
269,269,0.06938789490610361,-1.511361837387085,0.09706582766026259,-1.2020854949951172
270,270,0.05449121847748757,-1.4356796741485596,0.08529224883764983,-1.2965586185455322
271,271,0.09303316606208682,-1.5111970901489258,0.09253363994881511,-1.265864610671997
272,272,0.06968143510632217,-1.4313889741897583,0.07116937732324004,-1.2420474290847778
273,273,0.07583397969603539,-1.393784999847412,0.08209675939753652,-1.172837495803833
274,274,0.08381786001846195,-1.125993728637695,0.08148976473137737,-1.2060261964797974
275,275,0.06749822285026312,-1.1916967630386353,0.08108130233362316,-1.318589687347412
276,276,0.06782798614352943,-1.192018985748291,0.08868144830688834,-1.3188328742980957
277,277,0.06287032118998467,-1.5051409006118774,0.08209947165101766,-1.2853862047195435
278,278,0.07371673457324505,-1.5235004425048828,0.08780876381322741,-1.4193339347839355
279,279,0.06693610857240856,-1.3242031335830688,0.08863780587911606,-1.2265269756317139
280,280,0.06699475372210145,-1.264139175415039,0.07458767384290695,-1.2785041332244873
281,281,0.06455373442731797,-1.5610584020614624,0.08610848998650908,-1.272388219833374
282,282,0.08365780534222722,-1.4777811765670776,0.06719847282394767,-1.1198631525039673
283,283,0.06616975677199663,-1.3892743587493896,0.09606822147965431,-1.1631782054901123
284,284,0.09805065802298486,-1.320340871810913,0.08408606274053454,-1.2464001178741455
285,285,0.08024203496053815,-1.2222089767456057,0.08075704013928771,-1.227640151977539
286,286,0.057794480063021174,-1.4141560792922974,0.1023794662207365,-1.133406639099121
287,287,0.061888876538723714,-1.4772869348526,0.08780831756070256,-1.3056375980377197
288,288,0.06465965402312576,-1.2012765407562256,0.09495101369917393,-1.2449506521224976
289,289,0.06432707168161869,-1.1764661073684692,0.10084399580955505,-1.1489421129226685
290,290,0.07153866956010461,-1.44490647315979,0.08593777671456337,-1.2348988056182861
291,291,0.08066565718501806,-1.253953218460083,0.0829874132014811,-1.0055625438690186
292,292,0.0723834490776062,-1.5011117458343506,0.08424135776236653,-1.2898038625717163
293,293,0.08540786339901388,-1.2989773750305176,0.08481692457571625,-1.1896798610687256
294,294,0.07493575057946146,-1.312548279762268,0.08818660093471407,-1.2164077758789062
295,295,0.07058445911854505,-1.330458402633667,0.08274344764649869,-1.0887902975082397
296,296,0.07820739084854722,-1.3073869943618774,0.08636053359135985,-1.3211153745651245
297,297,0.07854753823019564,-1.4265786409378052,0.06407388970255852,-1.596585988998413
298,298,0.06355235883034765,-1.4087719917297363,0.07262611776590347,-1.321165680885315
299,299,0.06304639043286442,-1.3153200149536133,0.09968965521082282,-1.2791823148727417
300,300,0.07420982756651938,-1.1529940366744995,0.10676453284919261,-1.208791971206665
301,301,0.06889203906059266,-1.4433985948562622,0.08656469319015742,-1.3015024662017822
302,302,0.061856651175767184,-1.369542121887207,0.09363638004288077,-1.2845808267593384
303,303,0.08285226249136031,-1.2792426347732544,0.07702396176755429,-1.381242275238037
304,304,0.08674560546875,-1.311042308807373,0.0777791784144938,-1.1831821203231812
305,305,0.08036042466759681,-1.4002115726470947,0.0692815356887877,-1.4658695459365845
306,306,0.07285514133051038,-1.3223055601119995,0.08594136817380786,-1.4150301218032837
307,307,0.09115492602810264,-1.4466969966888428,0.0739103471301496,-1.2230427265167236
308,308,0.06370183575898407,-1.5052292346954346,0.07133676286786794,-1.34647536277771
309,309,0.06894838500767947,-1.1978424787521362,0.08725526975467801,-1.1673908233642578
310,310,0.0708921385742724,-1.3428362607955933,0.0774679688550532,-1.146044373512268
311,311,0.055416675610467786,-1.0762202739715576,0.08818328918889165,-1.2017220258712769
312,312,0.07293523792177439,-1.3216336965560913,0.08155367964878678,-1.403378963470459
313,313,0.07060657791793347,-1.2781230211257937,0.07712498692795634,-1.2149637937545776
314,314,0.05901991883292794,-1.40283465385437,0.08282318193465471,-1.327928900718689
315,315,0.07274725395254791,-1.1137841939926147,0.0847483953088522,-1.3868666887283325
316,316,0.06413936764001846,-1.238536715507507,0.08196198340505362,-1.3619805574417114
317,317,0.058640070371329775,-1.2258001565933228,0.08495248911902309,-1.40092933177948
318,318,0.09036563403904438,-1.2370274066925049,0.07522726399824023,-1.3470662832260132
319,319,0.06648984596133233,-1.401084303855896,0.07090556333772838,-1.2207951545715332
320,320,0.06830967290326953,-1.0422396659851074,0.07685286911204457,-1.1069937944412231
321,321,0.057280962634831664,-1.1193290948867798,0.07750037059187889,-1.342296838760376
322,322,0.057765708724036816,-1.512478947639465,0.08184487709775567,-1.299422264099121
323,323,0.05791604339145124,-1.3057706356048584,0.06705237578600645,-1.4011173248291016
324,324,0.04959563563577831,-1.1969209909439087,0.0789150726236403,-1.4814746379852295
325,325,0.07944293595850467,-1.1410949230194092,0.08743036530911923,-1.3652678728103638
326,326,0.058502599392086276,-1.3391958475112915,0.09194999791681767,-1.2287153005599976
327,327,0.06772019158117472,-1.272940158843994,0.07097691668197513,-1.323123574256897
328,328,0.06556879371404647,-1.3165533542633057,0.06543976029381156,-1.2291232347488403
329,329,0.06109910531900822,-1.437608003616333,0.08192180097103119,-1.3831201791763306
330,330,0.08258478654548526,-1.169093132019043,0.0758162172883749,-1.356998324394226
331,331,0.08009122825227677,-1.303125023841858,0.08860027151182294,-1.4189732074737549
332,332,0.08380812527611851,-1.1435426473617554,0.08386143531650304,-1.326271891593933
333,333,0.06919133415445686,-1.1824145317077637,0.08981051342561841,-1.3699543476104736
334,334,0.06643178043887019,-1.454878568649292,0.0780062997341156,-1.4457616806030273
335,335,0.07028280210681259,-1.2942012548446655,0.08414285950362682,-1.244571328163147
336,336,0.07287929486483335,-1.2445147037506104,0.08590541783720256,-1.3577532768249512
337,337,0.06666066493839025,-1.2112951278686523,0.0832098656333983,-1.1983217000961304
338,338,0.06688058285973966,-1.3330456018447876,0.07784139432013035,-1.289526343345642
339,339,0.07362208374775946,-1.3867886066436768,0.08218319736421108,-1.1454960107803345
340,340,0.07125616657547652,-1.3085930347442627,0.09919025396928191,-1.24577796459198
341,341,0.07921545714139938,-1.3750215768814087,0.07186471872031688,-1.434267282485962
342,342,0.0681041656807065,-1.338482141494751,0.07615302119404077,-1.3835835456848145
343,343,0.0689621288701892,-1.2888424396514893,0.09019625172019005,-1.1777608394622803
344,344,0.07265919127501548,-1.3293668031692505,0.07031261077150702,-1.130063772201538
345,345,0.06220357267186045,-1.083526611328125,0.08493215169757605,-1.2110127210617065
346,346,0.08077567440457642,-1.2810289859771729,0.0827295091189444,-1.2534996271133423
347,347,0.06215495908632875,-1.2586716413497925,0.076969751175493,-1.1695829629898071
348,348,0.06442017981782555,-1.292474389076233,0.09689792135730385,-1.1076933145523071
349,349,0.06526729566976427,-1.373832106590271,0.0866044057905674,-1.0542511940002441
350,350,0.07152023205533624,-1.1247186660766602,0.07738845825195312,-1.0985989570617676
351,351,0.06674585098400712,-1.2493492364883425,0.08251744775101542,-1.2954940795898438
352,352,0.08045345885679125,-1.1242560148239136,0.06431999377906322,-1.3215112686157227
353,353,0.0737000828422606,-1.24543559551239,0.08602381313219666,-1.4522502422332764
354,354,0.05607299163937569,-1.2119311094284058,0.08938883095979691,-1.3208340406417847
355,355,0.06069933405146001,-1.2445955276489258,0.061955229975283146,-1.1552876234054565
356,356,0.07104492389596999,-1.2430144548416138,0.08140599669888615,-1.2712370157241821
357,357,0.06316189484670759,-1.23807692527771,0.09367165757343172,-1.2426341772079468
358,358,0.07429817791096865,-1.1214637756347656,0.08692581932991743,-1.2749087810516357
359,359,0.07831670319661498,-1.2810635566711426,0.09700365649536252,-1.334692358970642
360,360,0.06280610499903559,-1.259182691574097,0.08309155765920878,-1.169346809387207
361,361,0.06123184107244015,-1.276698112487793,0.07856483120471239,-1.1879029273986816
362,362,0.07973926920443772,-1.2106503248214722,0.08883368264883756,-1.2234129905700684
363,363,0.06740590337663889,-1.4383001327514648,0.0948149117268622,-1.1655081510543823
364,364,0.0537050764542073,-1.3172436952590942,0.07698318395763636,-1.1611641645431519
365,365,0.07655460929498076,-1.2030014991760254,0.07772789591923356,-1.1428916454315186
366,366,0.05931542709469796,-1.2338770627975464,0.0816086589731276,-1.3141355514526367
367,367,0.07769058873876929,-1.0093218088150024,0.08546272367238998,-1.2485592365264893
368,368,0.061517038475722076,-1.3325690031051636,0.0845437467098236,-1.237666130065918
369,369,0.06299837740138173,-1.2045331001281738,0.07830978887155653,-1.1253987550735474
370,370,0.06249666565097869,-1.367971897125244,0.07144262664020061,-0.9981197118759155
371,371,0.07407148463651538,-1.3189612627029421,0.08838827224448323,-1.2282142639160156
372,372,0.08430048788897693,-1.3563112020492554,0.07834696916863322,-1.2880876064300537
373,373,0.06953998226672413,-1.3162862062454224,0.07697529470548034,-1.1967716217041016
374,374,0.07300681822001934,-1.1738146543502808,0.094321035631001,-1.1322373151779175
375,375,0.06328529756516219,-1.1974626779556274,0.07892723355442285,-1.165130615234375
376,376,0.0804655322432518,-1.1032990217208862,0.07139434512704611,-1.2011218070983887
377,377,0.07641148272901774,-1.1781799793243408,0.08576998917385936,-1.1330100297927856
378,378,0.06730894254520535,-1.2853370904922483,0.08915470087900758,-1.3552353382110596
379,379,0.09273798922076823,-1.4282238483428955,0.06423181964084507,-1.214057207107544
380,380,0.07766926163807511,-1.2988888025283811,0.09017856448888778,-1.157639503479004
381,381,0.07485725471749903,-1.2589566707611084,0.0831966563127935,-1.2396904230117798
382,382,0.06608176205307245,-1.2508702278137207,0.07495441280305386,-1.1008598804473877
383,383,0.0720708166435361,-1.264264464378357,0.07260609036311508,-1.149693250656128
384,384,0.07511368636041879,-1.4297318458557131,0.09543489975854755,-1.2957655191421509
385,385,0.06379211974330247,-1.0901910066604614,0.0866337269358337,-1.1961066722869873
386,386,0.0817363304272294,-1.1193699836730957,0.08174405993893742,-1.3600510358810425
387,387,0.07045073285698891,-1.0673882961273191,0.06202978786081076,-1.179199457168579
388,388,0.07820893512107432,-1.2253711223602295,0.08480218164622784,-1.1915837526321411
389,389,0.062441343320533624,-1.326737642288208,0.08493651369586587,-1.2920724153518677
390,390,0.0628423810750246,-1.3869694471359253,0.08313878249377012,-1.2583081722259521
391,391,0.08030288267880678,-1.4163329601287842,0.0744462113827467,-1.005072832107544
392,392,0.054960140706971285,-1.2393392324447632,0.09519445460289716,-1.0760587453842163
393,393,0.06673442307859659,-1.1006628274917605,0.08901336638256907,-1.0479390621185303
394,394,0.07428725436329843,-1.195845365524292,0.08158410429954528,-1.366012692451477
395,395,0.0719181932322681,-1.0878905057907104,0.07137799123302102,-1.1787784099578857
396,396,0.06963024905882775,-1.2713205814361572,0.07646681092679501,-1.1718661785125732
397,397,0.06910998535342515,-1.3670024871826172,0.07232503216713666,-1.214316964149475
398,398,0.06159947030246257,-1.2617006301879885,0.07742256036028267,-1.268754243850708
399,399,0.05829845960251988,-1.3269535303115845,0.0873072999343276,-1.0827324390411377
400,400,0.06562430126592518,-1.180455207824707,0.08074898231774569,-1.0197324752807617
401,401,0.06582388743758201,-1.5944149494171145,0.07730225075036287,-1.2767215967178345
402,402,0.06305570157244801,-1.2534486055374146,0.07455994227901101,-1.1230850219726562
403,403,0.07386202311143279,-1.214482307434082,0.07766836425289511,-1.0953654050827026
404,404,0.06720085271634163,-1.2944514751434326,0.11259260199032724,-1.320591688156128
405,405,0.07709840431809425,-1.2211905717849731,0.08212248902767896,-1.1877299547195435
406,406,0.07364212650805711,-1.2622828483581543,0.08472830295562744,-1.1860500574111938
407,407,0.07235167030245065,-1.143041491508484,0.07181520186364651,-1.1673541069030762
408,408,0.07275382702238857,-1.2866942882537842,0.09521947644650935,-1.3731471300125122
409,409,0.06426915777847171,-1.241126537322998,0.07564074989408255,-0.896893322467804
410,410,0.05446001503616572,-1.3631118535995483,0.0768198860436678,-1.0906014442443848
411,411,0.06765610976144673,-1.2635561227798462,0.07991805313155055,-1.0652872323989868
412,412,0.05892720297910273,-1.3526519536972046,0.07773615913465619,-1.1689462661743164
413,413,0.06668016579002142,-1.2335174083709717,0.07599206510931253,-1.1913809776306152
414,414,0.06626432655379176,-1.1284520626068115,0.07529666773974895,-1.297114372253418
415,415,0.07792556313797831,-1.2693119049072266,0.07106713930144906,-1.1229054927825928
416,416,0.06941496534273027,-1.1022058725357056,0.08350917568430305,-1.114009141921997
417,417,0.08076417489908637,-1.2373838424682615,0.07414427207782864,-1.2893950939178467
418,418,0.09180487230420112,-1.2797812223434448,0.07555207276716829,-1.0445178747177124
419,419,0.07797746421769261,-1.5471725463867188,0.07681314965710044,-1.4242093563079834
420,420,0.06221358738839626,-1.1685314178466797,0.06854976112022997,-1.0501093864440918
421,421,0.07546673267148435,-1.2708128690719604,0.08630790427327156,-1.126024842262268
422,422,0.05560514319688082,-1.2672168016433716,0.07692446054890752,-1.3142106533050537
423,423,0.06689121937379243,-1.3115099668502808,0.07340802973136305,-1.2830945253372192
424,424,0.06523191039450467,-1.1302061080932615,0.07689616343006492,-1.0842026472091675
425,425,0.07336952548474074,-1.4197845458984375,0.0949492564983666,-1.3089367151260376
426,426,0.0693151937611401,-1.2209757566452026,0.07421056305989623,-1.1337357759475708
427,427,0.09465823494829237,-1.3269624710083008,0.08863110585138202,-1.1599339246749878
428,428,0.07353746416978538,-1.2487232685089111,0.08217864306643605,-1.1116204261779785
429,429,0.07403492299839855,-1.102768063545227,0.07303889043629169,-1.3003712892532349
430,430,0.059667937085032464,-1.2112685441970823,0.075473672747612,-1.1178903579711914
431,431,0.0653900519758463,-1.2102603912353516,0.07700757302343846,-1.2791696786880493
432,432,0.05901528837159276,-1.3696718215942385,0.0795975822210312,-1.0583341121673584
433,433,0.06897375369444489,-1.2354373931884766,0.09123335357755423,-1.2538578510284424
434,434,0.075600346904248,-1.112555980682373,0.08717726141214371,-1.0860329866409302
435,435,0.07245028148405254,-1.3107056617736816,0.06856746235862374,-1.1412242650985718
436,436,0.07283569037914278,-1.109484076499939,0.0713336643204093,-1.2549887895584106
437,437,0.06579282657243311,-1.112940788269043,0.08077302623540163,-1.251294493675232
438,438,0.0631711607798934,-1.1348943710327148,0.0922740419022739,-1.1222165822982788
439,439,0.07723713206127286,-1.3627760410308838,0.07825553700327874,-1.213254451751709
440,440,0.0718012956622988,-1.3906604051589966,0.06879657041281462,-1.1688408851623535
441,441,0.06046118998900056,-1.414818286895752,0.07185206860303879,-1.2804861068725586
442,442,0.0802382153365761,-1.3306385278701782,0.08859630910679699,-1.1496987342834473
443,443,0.06383523773401975,-1.3314189910888672,0.08450076380744577,-1.1656357049942017
444,444,0.060483187809586524,-1.3808152675628662,0.08666451094672084,-1.2989369630813599
445,445,0.06110783008858561,-1.405590295791626,0.0849764484912157,-1.0963469743728638
446,446,0.07877788631245494,-1.3033576011657717,0.07477566193789244,-1.2201142311096191
447,447,0.06404637233354153,-1.19009268283844,0.07212664583697916,-1.217820167541504
448,448,0.0659837386570871,-1.043198823928833,0.0717625310458243,-1.1284663677215576
449,449,0.05934727016836405,-1.3572019338607788,0.07679296946153044,-1.0768035650253296
450,450,0.08405295410193503,-1.2685832977294922,0.0859210885502398,-1.241201400756836
451,451,0.07116925036534667,-1.171552658081055,0.08517094502225518,-1.2016836404800415
452,452,0.07149604788050055,-1.5372823476791382,0.0750863379985094,-1.1605159044265747
453,453,0.06397327417507767,-1.2645169496536257,0.08114997794851661,-1.165079116821289
454,454,0.07931104440242052,-1.4427274465560913,0.06600168315693736,-1.1076290607452393
455,455,0.07958654733374715,-1.288912296295166,0.0802299395389855,-1.1790670156478882
456,456,0.07538932252675297,-1.3261042833328247,0.09202355597168208,-1.3364083766937256
457,457,0.06155987842008472,-1.3268688917160034,0.06628059148788452,-1.1161584854125977
458,458,0.05718206636607648,-1.1462860107421875,0.07896028034389019,-1.2882335186004639
459,459,0.0812689902447164,-1.3447636365890503,0.0804897684790194,-1.2966105937957764
460,460,0.09551762006245554,-1.177440524101257,0.09491379417479039,-1.3137845993041992
461,461,0.06129703018814325,-1.3210233449935913,0.08584115572273732,-1.3882476091384888
462,462,0.06655474357306958,-1.1565576791763306,0.08727153712883591,-1.220332145690918
463,463,0.05552469622343779,-1.273845076560974,0.07272025611251592,-1.1699613332748413
464,464,0.07769931346178055,-1.235326647758484,0.07134768199175597,-1.2977889776229858
465,465,0.061031800168566415,-1.1171557903289795,0.07607133639976382,-1.2501802444458008
466,466,0.05748196290805936,-1.5065431594848633,0.07087219199165702,-1.1875464916229248
467,467,0.05791829174384475,-1.1782455444335938,0.0867181957885623,-1.4122517108917236
468,468,0.07637292148545384,-1.2427845001220703,0.08854808067902922,-1.2284318208694458
469,469,0.06300725549459457,-1.239693284034729,0.06864301590248942,-1.1279007196426392
470,470,0.07282640976831317,-1.150401949882507,0.08565467039123177,-1.1174137592315674
471,471,0.053476159637793896,-1.2203245162963867,0.09168418323621154,-1.002881407737732
472,472,0.061307173557579524,-1.3581628799438477,0.0847854340262711,-1.107095718383789
473,473,0.06607901057228446,-1.3092422485351562,0.08261518085375429,-1.0421615839004517
474,474,0.08108559801243245,-1.2071294784545898,0.08424552103504539,-1.253605842590332
475,475,0.07382482641376555,-1.2602124214172363,0.0840928670950234,-1.188450813293457
476,476,0.06251827199012043,-1.177387237548828,0.09196885818615556,-1.2413172721862793
477,477,0.07205824308097362,-1.2465970516204834,0.09486465318128466,-1.2368265390396118
478,478,0.0609987670648843,-1.2031069993972778,0.07714341245591641,-1.2171550989151
479,479,0.06929222919046879,-0.96185964345932,0.08585300959646702,-1.3002601861953735
480,480,0.06358539458364247,-1.1022162437438965,0.09571583326905966,-1.3564374446868896
481,481,0.06914648246020079,-1.2858705520629885,0.08499625978991389,-1.203165888786316
482,482,0.06717959808185697,-1.3087509870529177,0.08085746824741363,-1.1385512351989746
483,483,0.09358992531895638,-1.1472108364105225,0.07172862073406577,-1.049972653388977
484,484,0.059777915533632035,-1.2367383241653442,0.07407641552388668,-1.1617658138275146
485,485,0.06787169157527387,-1.314862847328186,0.0842935698851943,-1.1145727634429932
486,486,0.06490038691088558,-1.3588576316833496,0.09832136120647192,-0.9581207633018494
487,487,0.05740261280909181,-1.2896628379821775,0.09023429458960891,-1.1667792797088623
488,488,0.08310047314502299,-1.185508131980896,0.06787090567871928,-1.057248592376709
489,489,0.06596409415826203,-1.246576189994812,0.08360952392220497,-1.1382414102554321
490,490,0.060390725350007425,-1.1705251932144165,0.07233976112678647,-1.2638535499572754
491,491,0.06503599153831602,-1.3799126148223877,0.07579368766397238,-1.0932865142822266
492,492,0.0778322156239301,-1.249346375465393,0.08034547336399556,-1.148291826248169
493,493,0.0610799497179687,-1.360467553138733,0.06992712054401636,-1.1954481601715088
494,494,0.08179547542706132,-1.267645001411438,0.07772867580875754,-1.2180904150009155
495,495,0.0779891772288829,-1.2921111583709717,0.08742516174912453,-1.122318983078003
496,496,0.05266183651983738,-1.2186251878738403,0.07403084494173527,-1.247792363166809
497,497,0.06675547083839774,-1.2865082025527954,0.07126511957496405,-1.1461727619171143
498,498,0.0666359987296164,-1.1057803630828855,0.07695015028119087,-0.9303743243217468
499,499,0.053935730094090105,-1.246702790260315,0.0853251851350069,-1.305639386177063
500,500,0.06168852794915437,-1.101773023605347,0.07862931476905942,-1.2347127199172974
501,501,0.06678854380734264,-1.1438060998916626,0.08713015459477902,-1.2564059495925903
502,502,0.06421935763210057,-1.2833105325698853,0.07579418906942009,-1.181579828262329
503,503,0.06096951710991561,-1.2893788814544678,0.0750891898572445,-1.226027488708496
504,504,0.05802530029788613,-1.2626680135726929,0.07525799371302128,-1.0910049676895142
505,505,0.06021347033791244,-1.2661480903625488,0.06935009758919478,-1.215659499168396
506,506,0.07404743277467787,-1.1545066833496094,0.08973937172442675,-1.2637485265731812
507,507,0.059647798324003826,-1.2386294603347778,0.07783527940511703,-1.1876187324523926
508,508,0.06747700085863471,-1.2782542705535889,0.07910569647327065,-1.1380250453948975
509,509,0.0599576166830957,-1.2678253650665283,0.07759252406656741,-1.1512197256088257
510,510,0.06499156197533011,-1.2764439582824707,0.06982737962156534,-1.0867912769317627
511,511,0.07358361528255046,-1.356764316558838,0.08094905918464064,-1.0346823930740356
512,512,0.06831860268488528,-1.0607305765151978,0.07251858543604613,-1.1479694843292236
513,513,0.061683998387306926,-1.273639678955078,0.07315796289592981,-1.2211281061172485
514,514,0.0912880152463913,-1.196400761604309,0.0787845710478723,-1.1831568479537964
515,515,0.06354261766187846,-1.2857186794281006,0.08426756044849754,-1.029740333557129
516,516,0.08234298376366496,-1.417934775352478,0.07153489788994193,-1.1632795333862305
517,517,0.07624197017401457,-1.3234955072402954,0.07635102583095431,-1.222426414489746
518,518,0.08662523094564678,-1.3355728387832642,0.0825941789522767,-1.1992919445037842
519,519,0.06401220124214888,-1.3424336910247805,0.08246244907379151,-1.2588114738464355
520,520,0.06589615098200738,-1.272559404373169,0.06644604938104749,-1.363889217376709
521,521,0.07390529719181359,-1.0525413751602173,0.08458274031057954,-1.2362693548202515
522,522,0.07266660273075104,-1.2731504440307615,0.08647118903696537,-1.1930431127548218
523,523,0.0655971867311746,-1.2746915817260742,0.07638071075081826,-1.1498264074325562
524,524,0.06742622269317508,-1.32340669631958,0.08081579715013504,-1.254197120666504
525,525,0.056254644934088,-1.1886438131332395,0.10096336215734482,-1.158825159072876
526,526,0.06462032820098101,-1.212394952774048,0.08182297941297292,-1.2414931058883667
527,527,0.07473868740722538,-1.206784725189209,0.0868539865873754,-0.9801343083381653
528,528,0.059957696814090015,-1.3306841850280762,0.07088009059429169,-1.1821706295013428
529,529,0.07637446133419871,-1.2664445638656616,0.07893407950177789,-1.210287094116211
530,530,0.06652299989014862,-1.1709611415863037,0.0727826951816678,-0.968440592288971
531,531,0.06023275253362954,-1.1920117139816284,0.07590336246415973,-1.1000430583953857
532,532,0.0631395506579429,-1.2262308597564695,0.08614143460988999,-1.0941298007965088
533,533,0.056420532027259475,-1.194794774055481,0.08143867570906878,-1.1364667415618896
534,534,0.06411252312362194,-1.1429996490478516,0.07464969286695122,-1.1955112218856812
535,535,0.08391110972501338,-1.0842446088790894,0.06814542524516583,-1.1776363849639893
536,536,0.0731274654250592,-1.2587521076202393,0.08405806133523583,-1.1758604049682617
537,537,0.06667767147067934,-1.2226520776748655,0.07430272370576858,-1.1197340488433838
538,538,0.07185021426528693,-1.1484922170639038,0.07294916344806551,-1.243321418762207
539,539,0.0649763792194426,-1.0417044162750244,0.07676381833851337,-1.272355079650879
540,540,0.05130510555580258,-1.1945449113845823,0.06816029900684953,-1.2396295070648193
541,541,0.06270543795078992,-1.110381841659546,0.07307035259902478,-1.0428190231323242
542,542,0.05852971500717104,-1.2148230075836182,0.0724094993621111,-1.2171505689620972
543,543,0.08002084339037538,-1.478797197341919,0.07061684335581958,-1.148533582687378
544,544,0.058661165833473215,-1.3941887617111206,0.08039884565398098,-1.2477518320083618
545,545,0.06023350995965303,-1.1771637201309204,0.0749526140652597,-1.1450974941253662
546,546,0.07921392425894737,-1.3834401369094849,0.0827782585285604,-1.4915404319763184
547,547,0.07517494214698672,-1.3442175388336182,0.08787568911910057,-1.25222647190094
548,548,0.06489771083462982,-1.2689512968063354,0.07305622885003686,-1.1772781610488892
549,549,0.07151569308713078,-1.1736506223678589,0.08989907536655664,-1.1502368450164795
550,550,0.0633674868941307,-1.094837665557861,0.0775470308586955,-1.2115755081176758
551,551,0.06117287143133581,-1.224732518196106,0.08244226064532995,-1.1888983249664307
552,552,0.07244861681014299,-1.147237777709961,0.07396764585748315,-1.2517855167388916
553,553,0.06973686903715133,-1.3314580917358398,0.07692336730659008,-1.1549865007400513
554,554,0.07629493336193262,-1.201879382133484,0.08426081139594316,-1.0396054983139038
555,555,0.05730203249491751,-1.3049856424331665,0.08378239011391997,-1.2898410558700562
556,556,0.06290211772546173,-1.2187989950180054,0.08888419389724732,-1.3516077995300293
557,557,0.061076257359236476,-1.3321613073349,0.06342075433582067,-1.205011248588562
558,558,0.07851542649790645,-1.2844810485839844,0.09798191575333476,-1.167244791984558
559,559,0.05713431593962014,-1.3141720294952393,0.08122775400057435,-1.1919132471084595
560,560,0.057090378962457174,-1.1907843351364136,0.077831080686301,-1.0349088907241821
561,561,0.07038160162046551,-1.4109166860580444,0.06842072442173958,-1.1364600658416748
562,562,0.06833231376484036,-1.2660720348358154,0.08375723961740732,-1.2203394174575806
563,563,0.07565954886376858,-1.395287036895752,0.06773483041673899,-1.1227771043777466
564,564,0.056942337546497586,-1.2133363485336304,0.06449295882135629,-1.0616482496261597
565,565,0.06667212069965897,-1.2282922267913818,0.0882540692947805,-1.3367412090301514
566,566,0.060210742689669125,-1.439141035079956,0.06976284259930253,-1.0975584983825684
567,567,0.07521046806126833,-1.3065929412841797,0.07331636711955071,-1.0888779163360596
568,568,0.07737603716552258,-1.170458197593689,0.07332137115299701,-1.2048563957214355
569,569,0.061058551361784334,-1.1442571878433228,0.06823304245248436,-0.911458432674408
570,570,0.07440005477517843,-1.2596094608306885,0.07709300555288792,-1.2195414304733276
571,571,0.0654482703935355,-1.1621829271316528,0.08105876697227359,-1.1263868808746338
572,572,0.06288165701553225,-1.1141533851623535,0.07238367224112154,-1.2390249967575073
573,573,0.07114581265486777,-1.166353464126587,0.06554775971919298,-0.940642237663269
574,574,0.06632165186107157,-1.136772394180298,0.06991574073210359,-1.3564127683639526
575,575,0.06331996637396514,-1.1658990383148191,0.08383094515651464,-1.2088161706924438
576,576,0.06913905460387468,-1.237643122673035,0.0704756211489439,-1.0399075746536255
577,577,0.07271261801943182,-1.212509036064148,0.09569420811720192,-1.205941915512085
578,578,0.06104091460816561,-1.2511662244796753,0.08585191817954183,-1.2567439079284668
579,579,0.06713773760944605,-1.226025938987732,0.07123100815340877,-1.1633152961730957
580,580,0.0678786947671324,-1.3045361042022705,0.07440511584281921,-1.142652988433838
581,581,0.05719973252154888,-1.2084941864013672,0.07780525986105204,-1.272234320640564
582,582,0.058368550781160586,-1.1252644062042236,0.07742973830550909,-1.0054874420166016
583,583,0.06071194359101355,-1.245018482208252,0.0683854122273624,-1.150357723236084
584,584,0.06519238276407123,-1.4450488090515137,0.08495586540549993,-1.0916807651519775
585,585,0.06831452989950776,-1.3627185821533203,0.06489523816853762,-1.303141713142395
586,586,0.05614477100782096,-1.17864990234375,0.0708474650606513,-1.2348289489746094
587,587,0.0733450427558273,-1.5346724987030032,0.0828911580145359,-0.9925243258476257
588,588,0.048553122216835616,-0.96159565448761,0.0745041710138321,-1.0312206745147705
589,589,0.06851197556592524,-1.3904106616973877,0.07557088673114777,-1.1025084257125854
590,590,0.07046505708247422,-1.2382470369338991,0.0666906961798668,-1.383372187614441
591,591,0.05592962441034615,-1.1616479158401491,0.07775949690490962,-1.223314642906189
592,592,0.06511127635836601,-1.3580372333526611,0.07449747040867806,-1.1388459205627441
593,593,0.08181820413097739,-1.4663816690444946,0.07779530573636294,-1.095358967781067
594,594,0.07529521910473705,-1.10466206073761,0.07832383647561074,-1.0392299890518188
595,595,0.07727842636406422,-1.1582435369491575,0.07791709991171956,-1.2808595895767212
596,596,0.058469962626695626,-1.2739520072937012,0.0778483060374856,-1.0356568098068237
597,597,0.05615582272410393,-1.3052849769592283,0.06570447121746838,-1.166144847869873
598,598,0.07755503218621015,-1.205485463142395,0.07140933139249682,-1.1523188352584839
599,599,0.06791650734841824,-1.3236849308013916,0.07737031627446413,-1.1792850494384766
600,600,0.06610121438279748,-1.3967156410217283,0.07650539401918649,-1.0848803520202637
601,601,0.05637590563390404,-1.3357477188110352,0.08062044430524111,-1.1070208549499512
602,602,0.07106069462373853,-1.194333553314209,0.07503779111430049,-1.1636385917663574
603,603,0.07654446979053317,-1.2011052370071411,0.07890303749591113,-1.1933995485305786
604,604,0.07122434817254543,-1.0353291034698486,0.08950422406196594,-1.2898136377334595
605,605,0.06484054422937334,-1.0923275947570799,0.07312423905357718,-1.2073607444763184
606,606,0.06356944190803915,-1.2524700164794922,0.07217660713940859,-1.2652848958969116
607,607,0.0707257735170424,-1.2058653831481934,0.06568549266085029,-1.157148838043213
608,608,0.08682990489527583,-1.3508508205413818,0.07595261324197054,-1.2701393365859985
609,609,0.06954606886021793,-1.2181131839752195,0.08408102884888649,-1.2853271961212158
610,610,0.05287665903568268,-1.2867969274520874,0.07185968652367591,-1.16496741771698
611,611,0.0514230048051104,-1.1945579051971436,0.08245905725285411,-1.2760342359542847
612,612,0.07145414638333022,-1.4085837602615356,0.07698670430108905,-1.1375598907470703
613,613,0.06453209437429905,-1.2666140794754028,0.07453381661325693,-1.075922966003418
614,614,0.06347430103458464,-1.1701111793518066,0.06769179875031113,-1.3017719984054565
615,615,0.060499293291941286,-1.4340257644653318,0.06995119355618953,-1.082632064819336
616,616,0.06155642515048385,-1.2714853286743164,0.06529478391632437,-1.102222204208374
617,617,0.07199728397652506,-1.3557069301605225,0.07302718527615071,-1.0784250497817993
618,618,0.07274807241745293,-1.2852128744125366,0.08105669640004635,-1.077866554260254
619,619,0.06430385513231159,-1.1349858045578003,0.0878784161247313,-1.182058572769165
620,620,0.06792718353681268,-1.174297332763672,0.07483272349461913,-0.9774749279022217
621,621,0.07003780751489103,-1.358808517456055,0.06764058930799365,-1.0578597784042358
622,622,0.07503607792779804,-1.2962522506713867,0.08740075390785933,-1.1388221979141235
623,623,0.0809252128843218,-1.4123076200485232,0.07400191672146321,-1.0514432191848755
624,624,0.06284426672384143,-1.293337106704712,0.08415953148156405,-1.1566987037658691
625,625,0.0610618253890425,-1.233851671218872,0.08564858419820666,-1.0316405296325684
626,626,0.07461793502792716,-1.1688179969787598,0.07852289641276002,-1.0875567197799683
627,627,0.0635198384989053,-1.227254033088684,0.06696726970374584,-1.1327852010726929
628,628,0.07329935687594116,-1.132095456123352,0.06829983102157712,-1.0811306238174438
629,629,0.05900449723005295,-1.2390737533569336,0.06757040653377772,-1.2058420181274414
630,630,0.06851376798935234,-1.4735009670257568,0.07336810622364283,-1.0332200527191162
631,631,0.05423334245570004,-1.2927920818328855,0.07641532022505998,-1.1901540756225586
632,632,0.05845143996179104,-1.2510464191436768,0.08349484544247389,-1.2833945751190186
633,633,0.05487454784102738,-1.1721540689468384,0.07856640314683318,-1.154887080192566
634,634,0.06533418040722609,-1.438807249069214,0.06665836988016963,-1.0351401567459106
635,635,0.06642915946431457,-1.510145902633667,0.07907634010538458,-1.1867742538452148
636,636,0.06340790304355322,-1.1605288982391355,0.06629749404266477,-1.1614924669265747
637,637,0.06562638200819493,-1.1751948595046997,0.0769799285568297,-0.9738880395889282
638,638,0.0781209891475737,-1.3579754829406738,0.07849991546943784,-1.0321176052093506
639,639,0.07343153931200504,-1.2967063188552856,0.09048854753375053,-1.3096177577972412
640,640,0.056682888232171526,-1.1437890529632568,0.08031075490638613,-1.2938008308410645
641,641,0.06639426334761084,-1.4155489206314087,0.07746586967259646,-1.3582966327667236
642,642,0.06692897025495767,-1.5230776071548462,0.07703421205282211,-1.2166082859039307
643,643,0.06264278400689363,-1.3079546689987185,0.06665086599066854,-1.203597903251648
644,644,0.05757700697518885,-1.3436319828033447,0.08250208860263228,-1.2350043058395386
645,645,0.061204764535650616,-1.3865759372711182,0.07294017106294631,-1.1963162422180176
646,646,0.07118322905153036,-0.9963202476501464,0.07823890124447644,-0.9976362586021423
647,647,0.07255908013321459,-1.2338433265686035,0.07007734870538115,-0.995570182800293
648,648,0.08779180041514338,-1.1563358306884766,0.06949640735983849,-1.1478544473648071
649,649,0.058736924454569815,-1.2258141040802002,0.07767296101897955,-1.1787892580032349
650,650,0.06154452037997544,-1.3715269565582275,0.07671074909158052,-1.1046874523162842
651,651,0.057317751580849285,-1.3005951642990112,0.07020998440682888,-1.1146600246429443
652,652,0.0654459323361516,-1.3599536418914795,0.07571139469742776,-1.0743739604949951
653,653,0.06878691370598973,-1.2132662534713743,0.08455911045894027,-1.0037559270858765
654,654,0.06728331061080098,-1.4449071884155271,0.08345884196460247,-1.2183232307434082
655,655,0.06227498251013457,-1.4059258699417114,0.06051127806305885,-1.1321085691452026
656,656,0.06639619736932217,-1.39503276348114,0.06951888758689165,-1.212134599685669
657,657,0.07185607921332121,-1.3393491506576538,0.08290633969008923,-1.105306625366211
658,658,0.07287616377696395,-1.3720462322235107,0.07942291190847754,-1.1056461334228516
659,659,0.07237554836086929,-1.2424253225326538,0.07553094767034053,-1.1452182531356812
660,660,0.06325856647454202,-1.2342941761016846,0.07339419985190034,-1.0458663702011108
661,661,0.055512764696031815,-1.1721014976501465,0.07704536842182279,-1.1517062187194824
662,662,0.06324976095929742,-1.534939885139465,0.08745392302051186,-1.253855586051941
663,663,0.0762768738064915,-1.3367094993591309,0.07126585308462381,-1.3710371255874634
664,664,0.07761730467900634,-1.318188190460205,0.07143964702263475,-1.1158510446548462
665,665,0.04791389274410904,-1.450925350189209,0.09128746267408133,-1.0797361135482788
666,666,0.06359181065112353,-1.3166152238845823,0.06956296917051077,-1.3242617845535278
667,667,0.06255524402484297,-1.1438452005386353,0.07839790420606732,-1.1126086711883545
668,668,0.05520602162927389,-1.3923568725585938,0.08133569959551096,-1.1489944458007812
669,669,0.06509420447982847,-1.5451668500900269,0.07725993297994137,-1.0599219799041748
670,670,0.06908842963166535,-1.2067651748657229,0.07410641871392727,-1.128113865852356
671,671,0.0793470319546759,-1.1637940406799316,0.08004273960366845,-1.082154393196106
672,672,0.07041391977109017,-1.4840118885040283,0.07926616786047816,-1.1498183012008667
673,673,0.06388632505200803,-1.327939748764038,0.08276206878945232,-1.0417020320892334
674,674,0.07564581419341268,-1.3775190114974976,0.0742242107540369,-1.2066428661346436
675,675,0.06910770609974863,-1.1575640439987185,0.07609832195565104,-1.3278353214263916
676,676,0.06442960562184454,-1.2413469552993774,0.08078830534592271,-1.109785795211792
677,677,0.05049593920819461,-1.459627389907837,0.08927109904587269,-1.244701623916626
678,678,0.06474690255708992,-1.3539369106292725,0.07029605064541102,-1.0970686674118042
679,679,0.05813020043075085,-1.2274528741836548,0.07215085461735725,-1.1295852661132812
680,680,0.054101952938362965,-1.2463096380233765,0.07241555937565863,-1.1150684356689453
681,681,0.06072882364504039,-1.3604615926742554,0.08273739788681268,-1.133320689201355
682,682,0.07025958721525967,-1.4171953201293943,0.07856666492298245,-1.2483564615249634
683,683,0.059616769533604376,-1.21355938911438,0.07417388591915369,-1.0239027738571167
684,684,0.06904489563778042,-1.3488054275512695,0.07176552766934037,-0.9386253356933594
685,685,0.07272685377858579,-1.2687841653823853,0.06758079521358012,-1.0685664415359497
686,686,0.06613466696813702,-1.1799219846725464,0.06989427743479609,-1.2378966808319092
687,687,0.057448617378249765,-1.2876667976379397,0.07944167224690318,-1.162037968635559
688,688,0.067189009077847,-1.262415885925293,0.08135767361149192,-1.0325431823730469
689,689,0.061660214401781564,-1.4399254322052002,0.07398938570171594,-1.241626262664795
690,690,0.05505776927806437,-1.3749914169311523,0.08862241461873055,-1.1555367708206177
691,691,0.0737938964413479,-1.3590925931930542,0.07824562346562743,-1.113064169883728
692,692,0.060451108515262614,-1.1836962699890137,0.07957149740308524,-1.2404956817626953
693,693,0.05736718677915632,-1.3273218870162964,0.0791072608344257,-1.1206969022750854
694,694,0.06713504816405473,-1.232496738433838,0.06356483759358525,-1.2620189189910889
695,695,0.055427445350214835,-1.3628987073898315,0.07435722386464477,-1.0115463733673096
696,696,0.061936198221519585,-1.0945570468902588,0.07203172342851757,-1.2572256326675415
697,697,0.05751860570162535,-1.3664764165878296,0.07329750930890441,-1.2332426309585571
698,698,0.059927996555343276,-1.2842940092086792,0.07468415588140488,-1.0406166315078735
699,699,0.05764351946301757,-1.3140891790390017,0.08822660965844989,-1.299350380897522
700,700,0.05674430030398071,-1.0800739526748655,0.08159149810671806,-1.1197940111160278
701,701,0.05050209514796734,-1.0874594449996948,0.07564090566709637,-1.269979476928711
702,702,0.05844018978066742,-1.1286063194274902,0.07249556293711067,-1.2552911043167114
703,703,0.05961005477234721,-1.2386854887008667,0.0818372992053628,-1.1443930864334106
704,704,0.059432814475148914,-1.0887768268585205,0.07595123032107949,-1.1546798944473267
705,705,0.0486288470774889,-1.2713408470153809,0.0633110505901277,-1.0271427631378174
706,706,0.06031583995558321,-1.332514762878418,0.0791274956613779,-1.0665510892868042
707,707,0.069412790723145,-1.3248964548110962,0.07946370726451278,-1.136088490486145
708,708,0.06554693533107639,-1.2621233463287354,0.08331305937841535,-1.2050185203552246
709,709,0.06585640154778957,-1.2206506729125977,0.07079494401812553,-1.1058461666107178
710,710,0.08329523054882884,-1.3039442300796509,0.0741638107970357,-1.0303007364273071
711,711,0.06833386198617518,-1.2286090850830078,0.07331419659778476,-1.1386431455612183
712,712,0.0736425484996289,-1.1409643888473509,0.08595596788451075,-1.1740021705627441
713,713,0.059272160548716785,-1.3246428966522217,0.07851182693615556,-1.189072608947754
714,714,0.06396336182020605,-1.3838013410568235,0.08625663553364575,-1.235739827156067
715,715,0.06552506254054606,-1.1645543575286863,0.06848957823589444,-0.9398564100265503
716,716,0.061786303808912625,-1.1065865755081177,0.0748728491179645,-1.2498466968536377
717,717,0.06226539561524987,-1.2898824214935305,0.09091945752501487,-1.1434354782104492
718,718,0.06347557519562542,-1.268527269363403,0.07196276111528277,-1.298127293586731
719,719,0.06160631267353892,-1.5138483047485352,0.07504784397780895,-1.1377084255218506
720,720,0.06570711302570999,-1.1998047828674316,0.07147920677438378,-1.138046383857727
721,721,0.05835749347694218,-1.33589768409729,0.07548428539186716,-0.931429386138916
722,722,0.06332059388048948,-1.3588125705718994,0.08487888514995574,-1.319923996925354
723,723,0.06651596860960125,-1.4967195987701416,0.06890585847198963,-1.2368741035461426
724,724,0.06375566485337912,-1.4395116567611694,0.07526602601632476,-1.3060531616210938
725,725,0.06656365658156574,-1.1589940786361694,0.07086125982925295,-1.221163034439087
726,726,0.0762355441134423,-1.245058298110962,0.07459071574732662,-1.0764822959899902
727,727,0.04960959855467082,-1.1470179557800293,0.06759136760607362,-1.3312537670135498
728,728,0.05785585457459092,-1.2398158311843872,0.0713520142622292,-0.9404435753822327
729,729,0.06113851723261177,-1.1482336521148682,0.09603733256459236,-1.0618691444396973
730,730,0.053702188953757286,-1.186267375946045,0.07232429517433048,-0.9716492891311646
731,731,0.06858672965317965,-1.194951415061951,0.07527407066896558,-1.2522813081741333
732,732,0.06767073238268495,-1.300890326499939,0.07741412358358503,-1.1615935564041138
733,733,0.06350638136267663,-1.2608679533004759,0.0725726823695004,-1.152724027633667
734,734,0.059765373878180976,-1.2999029159545898,0.07511115591973067,-1.0928338766098022
735,735,0.07154292090795934,-1.282709002494812,0.07863084750249982,-1.1277318000793457
736,736,0.06226824356243015,-1.2058342695236206,0.07200825791805983,-1.2275537252426147
737,737,0.0619537577778101,-1.3769705295562744,0.06771114237606525,-1.275106430053711
738,738,0.05676563355140388,-1.3352112770080566,0.07819571401923894,-1.3199635744094849
739,739,0.06820647235959769,-1.3780311346054075,0.06959538776427507,-1.1390198469161987
740,740,0.057430359991267325,-1.3141742944717407,0.07030818913131952,-1.2879691123962402
741,741,0.06982404751703143,-1.3900867700576782,0.07843337189406156,-1.151425838470459
742,742,0.06856515288352966,-1.1203702688217163,0.06741922318935395,-1.157616376876831
743,743,0.06853875077329576,-1.3874260187149048,0.0779662935063243,-1.3074895143508911
744,744,0.08213975517079235,-1.399488925933838,0.0832349500991404,-1.3630472421646118
745,745,0.06703716947697103,-1.4450170993804932,0.0665995817258954,-1.2253386974334717
746,746,0.06789136294275523,-1.2176998853683472,0.07048429947346449,-1.0333456993103027
747,747,0.060561824506148686,-1.0203070640563965,0.07456865545362235,-1.0936158895492554
748,748,0.0620773929450661,-1.4926259517669678,0.07092271875590087,-1.2560659646987915
749,749,0.06416174107231201,-1.3497378826141355,0.0698118981346488,-1.2596917152404785
750,750,0.05617694048210978,-1.2818145751953125,0.07355001510120929,-1.1579402685165405
751,751,0.05728358672000468,-1.4297292232513428,0.07442658929154276,-1.178566813468933
752,752,0.06552853095345199,-1.1222976446151731,0.07227574391290545,-1.3364604711532593
753,753,0.07691642306745053,-1.202324151992798,0.07073416011407971,-1.0277131795883179
754,754,0.06651181203313172,-1.261230707168579,0.0712161144707352,-1.1984540224075317
755,755,0.05284587158821523,-1.2593456506729126,0.088336161673069,-1.253090262413025
756,756,0.0629610060993582,-1.270238757133484,0.07016940630972385,-1.2760937213897705
757,757,0.0614758534450084,-1.1962658166885376,0.07425148634240031,-1.2021512985229492
758,758,0.061605084631592026,-1.2404556274414062,0.07476178595796228,-1.2939034700393677
759,759,0.06422398284077645,-1.1763368844985962,0.09843733925372362,-1.1716833114624023
760,760,0.06100622069090605,-1.2023580074310305,0.07073080241680145,-1.24276602268219
761,761,0.05939102453179657,-1.1886287927627563,0.059549946170300246,-1.1095281839370728
762,762,0.06293226334266365,-1.2274826765060425,0.0747982238046825,-1.113546371459961
763,763,0.05577558558434248,-1.2375974655151367,0.07159463658928872,-1.10918390750885
764,764,0.056704840660095214,-1.2285910844802856,0.07265161640942097,-1.0786652565002441
765,765,0.07264896846376359,-1.2564483880996704,0.07350412093102932,-1.164442539215088
766,766,0.06533235165290535,-1.366314172744751,0.07206013385206461,-1.1621466875076294
767,767,0.05615579505451024,-1.3662841320037842,0.07610590057447553,-1.0344607830047607
768,768,0.06638065043836833,-1.1264990568161009,0.07749592576175929,-1.0441668033599854
769,769,0.07014887625351549,-1.1057978868484497,0.08561023950576782,-1.1407411098480225
770,770,0.04930877884849906,-1.164355993270874,0.0749370189756155,-0.8938837051391602
771,771,0.06649481683969498,-1.2467893362045288,0.06892943417653441,-1.1793113946914673
772,772,0.06122437999583781,-1.1692190170288086,0.08531817192211748,-1.3718067407608032
773,773,0.054101979201659565,-1.0375674962997437,0.07434214040637016,-0.9984262585639954
774,774,0.07207802217453718,-1.330027461051941,0.08661070920526981,-0.9473719596862793
775,775,0.0558212405256927,-1.1796568632125854,0.08433301266282797,-1.3280134201049805
776,776,0.09137432218529283,-1.3129950761795044,0.07272999094799161,-1.1107711791992188
777,777,0.06896535750478508,-1.2000136375427246,0.08530684798955918,-1.266181230545044
778,778,0.060077050626277925,-1.395313739776611,0.07465918306261302,-1.1349633932113647
779,779,0.0452803756762296,-1.182264804840088,0.07576083505526185,-1.1118383407592773
780,780,0.057702252380549914,-1.3377615213394165,0.07250856572762132,-1.3199772834777832
781,781,0.06228292779065669,-1.1212412118911743,0.08520674627274274,-1.1079483032226562
782,782,0.05207301644608378,-1.0757492780685425,0.07060103861615062,-1.3530216217041016
783,783,0.06710173095576465,-1.2875748872756958,0.08079900128766894,-1.075108289718628
784,784,0.06495471784844994,-1.3316558599472046,0.08927076382562518,-1.201770305633545
785,785,0.04793870259076357,-1.1976598501205444,0.0695275517553091,-1.3676955699920654
786,786,0.07803533246740699,-1.1175450086593628,0.07382700506597757,-1.2691600322723389
787,787,0.06387052025645971,-1.230009913444519,0.0675124939531088,-1.1999589204788208
788,788,0.05794143912382424,-1.1478824615478516,0.0761306613869965,-1.1970508098602295
789,789,0.07953833011910319,-1.04288649559021,0.07371105598285795,-1.2055237293243408
790,790,0.0688495890982449,-1.1401784420013428,0.07724633680656552,-1.2085719108581543
791,791,0.0719113851338625,-1.1051859855651855,0.08176498083397746,-1.1865973472595215
792,792,0.05530594568699598,-1.2819079160690308,0.07286371489986777,-1.3456248044967651
793,793,0.053725271923467516,-1.1672937870025637,0.07425982048735022,-1.1899536848068237
794,794,0.06619223430752755,-1.1746705770492554,0.08403314054012298,-1.0620946884155273
795,795,0.052263960861600935,-1.1229621171951294,0.09035180313512683,-1.1051467657089233
796,796,0.058476261002942925,-1.1032311916351318,0.070665115211159,-1.1039981842041016
797,797,0.06834273879416287,-1.0300781726837158,0.0711634099110961,-1.199981927871704
798,798,0.06743386898189782,-1.3947203159332275,0.05848173819482327,-1.0481972694396973
799,799,0.05154834905639291,-1.3093626499176023,0.07804461695253849,-1.063064694404602
800,800,0.057690072068944574,-1.1128534078598022,0.08621382303535938,-1.1663038730621338
801,801,0.067584804687649,-1.1008697748184204,0.10173270615749061,-1.114065408706665
802,802,0.05537386981770396,-1.174726486206055,0.06620353957638145,-1.2314341068267822
803,803,0.061424323152750725,-1.2274454832077026,0.0717778686992824,-1.1886268854141235
804,804,0.07581365255638957,-1.3668617010116575,0.07380109025165439,-1.1121578216552734
805,805,0.06028021726757288,-1.1878045797348022,0.06969521970488131,-1.3218218088150024
806,806,0.048974803518503904,-1.2110265493392944,0.06910404181107879,-1.1073061227798462
807,807,0.05265799961052835,-1.1674844026565552,0.07595417583361268,-1.0360491275787354
808,808,0.05792371515184641,-1.2304013967514038,0.07237653587944806,-1.1799830198287964
809,809,0.0805318649020046,-1.391849160194397,0.06825172290205955,-1.0613638162612915
810,810,0.06672641212120653,-0.9775876998901368,0.06666510598734021,-1.3420311212539673
811,811,0.062208725586533536,-1.140648603439331,0.06858633786439895,-0.9806517362594604
812,812,0.06664595948532223,-1.2570120096206665,0.07140373431146145,-0.9953641891479492
813,813,0.07594331098720432,-1.4894380569458008,0.07086290979757905,-1.0777928829193115
814,814,0.06539905887097121,-1.1132359504699707,0.09301785845309496,-1.1277821063995361
815,815,0.05355000745505095,-1.1143068075180054,0.06476674281060696,-1.0897542238235474
816,816,0.07056456670165062,-1.1920194625854492,0.07330061187967658,-1.0971622467041016
817,817,0.07617561371996999,-1.3051246404647827,0.0722463108971715,-1.1397428512573242
818,818,0.0732370440196246,-1.3674490451812744,0.08069080913439393,-1.1409060955047607
819,819,0.06281872926279902,-1.078083634376526,0.07219267074950039,-1.1636239290237427
820,820,0.0639309994596988,-1.3372334241867063,0.07373087331652642,-0.8480070233345032
821,821,0.060744634196162224,-0.9349421858787536,0.06794051663950086,-1.320414423942566
822,822,0.07253742195665837,-1.195224046707153,0.07437755340710282,-1.2794547080993652
823,823,0.052140814075246456,-1.3980565071105957,0.07029818100854754,-1.4080098867416382
824,824,0.07263950664550066,-1.231013298034668,0.09194547129794955,-1.1076831817626953
825,825,0.08043847728520631,-1.2402206659317017,0.07272184489294886,-1.0753017663955688
826,826,0.0618888290040195,-1.142864465713501,0.08230127613060176,-1.0618352890014648
827,827,0.055930103184655314,-1.4263179302215576,0.07860069358721375,-1.2870018482208252
828,828,0.06273706102743745,-1.086748123168945,0.07046124994754792,-0.9410028457641602
829,829,0.06480997807346284,-1.2014870643615725,0.07457870567217469,-1.316465973854065
830,830,0.06578259083442389,-1.3581353425979614,0.07185875829309225,-1.2049435377120972
831,831,0.08242199854925275,-1.196943998336792,0.08144040640443563,-1.070387363433838
832,832,0.07126585891470312,-1.2772032022476196,0.078354930318892,-1.101077914237976
833,833,0.08075863465666773,-1.1188126802444458,0.07586521609686316,-0.9781904220581055
834,834,0.05549088851548732,-1.2837872505187988,0.07313443528488278,-1.2233052253723145
835,835,0.0698421380110085,-1.0991436243057249,0.0776452357135713,-1.1471459865570068
836,836,0.0645848698168993,-1.3008575439453125,0.06621076315641403,-1.1870747804641724
837,837,0.07372086316347122,-1.4097378253936768,0.07707564312964678,-1.1035069227218628
838,838,0.05960626001469791,-1.0898345708847046,0.06963246669620275,-0.9565882086753845
839,839,0.06335336465388536,-1.1055896282196045,0.07810932017862797,-1.0732663869857788
840,840,0.058254164988175025,-1.2400368452072144,0.06901745850220323,-1.1350460052490234
841,841,0.05420282769948244,-1.0210027694702148,0.08083881823346019,-1.09322190284729
842,842,0.05530433277599514,-1.2337112426757812,0.07049785014241934,-1.1819955110549927
843,843,0.053944191336631774,-1.170517086982727,0.07938319824635982,-1.1900525093078613
844,844,0.09225250971503557,-1.3035683631896973,0.07591881861910224,-1.2430006265640259
845,845,0.05081270420923829,-1.195087432861328,0.07291178500279784,-1.0192623138427734
846,846,0.06175490504130721,-1.352457046508789,0.08801942147314548,-1.2570170164108276
847,847,0.05531745715998113,-1.0979112386703491,0.07026129018515348,-1.1863552331924438
848,848,0.06832414577715099,-1.3083189725875854,0.06553427966311574,-1.2764363288879395
849,849,0.05793428568169474,-1.3226903676986694,0.061456521432846786,-1.1332424879074097
850,850,0.06035560203716159,-1.250353455543518,0.06619017338380218,-1.0409011840820312
851,851,0.062136417385190726,-1.1520237922668457,0.07901616755872964,-1.1269110441207886
852,852,0.07207122824154794,-1.2617905139923096,0.07542658470571041,-1.3878949880599976
853,853,0.05530251272954047,-1.4769022464752195,0.06782493134960532,-1.0928971767425537
854,854,0.04316104723140597,-1.321034550666809,0.08041226234287023,-1.1362663507461548
855,855,0.08196312552317978,-1.1295815706253052,0.08331343932077288,-1.0822569131851196
856,856,0.05448125032708049,-1.3170037269592283,0.08115727227181196,-1.0546351671218872
857,857,0.06767385677434504,-1.25267231464386,0.07781343633309007,-1.2584468126296997
858,858,0.06296370047144592,-1.3668321371078491,0.08216973725706339,-1.055686354637146
859,859,0.05802664367482066,-1.2258517742156982,0.07986447799950838,-1.0264003276824951
860,860,0.05672808888368309,-1.2455062866210938,0.07706791562959552,-1.2383602857589722
861,861,0.0533907875046134,-1.19486665725708,0.086721544098109,-1.3488380908966064
862,862,0.06786569353193045,-1.2074098587036133,0.0743745836801827,-1.2317149639129639
863,863,0.06037845613434911,-1.3450890779495241,0.07377456704154611,-1.0983937978744507
864,864,0.05540924500674009,-1.25825035572052,0.07731464812532067,-1.1297976970672607
865,865,0.06897300460375845,-1.501909255981445,0.0805623434856534,-1.2248506546020508
866,866,0.050839724484831095,-1.20262610912323,0.07708642248064279,-1.1400667428970337
867,867,0.06512121782638132,-1.1707473993301392,0.0798939442448318,-1.2435286045074463
868,868,0.0556648020632565,-1.2232911586761477,0.06456434894353151,-1.366134762763977
869,869,0.061890832269564273,-1.1937432289123535,0.0736206235177815,-1.1459680795669556
870,870,0.054831058476120235,-1.3530875444412231,0.08215600691735744,-1.0611811876296997
871,871,0.06492928015068174,-1.24233078956604,0.08454576095566153,-1.2588002681732178
872,872,0.06907390321604907,-1.29055917263031,0.06553321538493037,-1.2478888034820557
873,873,0.05846355740912259,-1.2303013801574707,0.0662624653428793,-1.0958452224731445
874,874,0.06018327055498957,-1.3584299087524414,0.07175835551694036,-1.2387839555740356
875,875,0.06432708097621799,-1.3697241544723509,0.07351692236959934,-1.1505091190338135
876,876,0.06234580156393349,-1.3297139406204224,0.07947918569669127,-1.353554368019104
877,877,0.07378291262313724,-1.0476870536804201,0.07543840430676937,-1.1018294095993042
878,878,0.0782381895557046,-1.1018478870391846,0.07896508719772101,-1.2481169700622559
879,879,0.0725284865219146,-1.2197157144546509,0.07377838768064976,-1.2860904932022095
880,880,0.05466616014018655,-1.3987996578216553,0.07901616837829352,-1.2685588598251343
881,881,0.08626920172944665,-1.2659696340560913,0.09101302342489362,-1.1170072555541992
882,882,0.06325067082419991,-1.2982369661331177,0.07888972258195281,-1.1915652751922607
883,883,0.061009010616689924,-1.2404508590698242,0.06290486034005881,-1.1578598022460938
884,884,0.061949008638039225,-1.2607005834579468,0.07209018383175135,-1.027618646621704
885,885,0.06699166370555759,-1.2992132902145386,0.08310526967048645,-1.1059527397155762
886,886,0.061854076106101274,-1.216475009918213,0.0658355031721294,-1.1622127294540405
887,887,0.0729803510196507,-1.3250552415847778,0.07517280938103794,-1.0434967279434204
888,888,0.06449724747799337,-1.3949427604675293,0.06904195485636593,-1.102468490600586
889,889,0.0645737246517092,-1.3224631547927856,0.08574315747246146,-1.2576557397842407
890,890,0.0730955917108804,-1.0541938543319702,0.08492586594074965,-1.145080804824829
891,891,0.05991509431041778,-1.2520008087158203,0.07128201872110367,-1.036582112312317
892,892,0.05103261657059192,-1.3224533796310425,0.07239679593592882,-1.1997418403625488
893,893,0.07398626200854777,-1.2326318025588991,0.07751338249072433,-0.900451123714447
894,894,0.057832378707826135,-1.397756814956665,0.07042969001457094,-1.0598442554473877
895,895,0.05583123126067222,-1.261988878250122,0.07239765064790844,-1.1407099962234497
896,896,0.05901585477404296,-1.4318056106567385,0.07461540330201387,-1.0373928546905518
897,897,0.05780361317098141,-0.9804306030273438,0.07393260486423969,-1.2518703937530518
898,898,0.061309846378862866,-1.3859244585037231,0.06926214210689068,-1.0480246543884277
899,899,0.06816245220601559,-1.1717582941055298,0.08340442549437284,-1.1372148990631104
900,900,0.06551835231482983,-1.2437021732330322,0.0761761605553329,-0.999518096446991
901,901,0.06725066574290395,-1.2141575813293457,0.0734081357717514,-1.2268553972244263
902,902,0.05666878351010383,-1.2725290060043335,0.09050552893429994,-1.2734556198120117
903,903,0.05216055288910866,-1.1903891563415527,0.06997645422816276,-1.2142722606658936
904,904,0.06385008929297327,-1.2455589771270752,0.06038425467908382,-1.2767521142959595
905,905,0.06763318486511707,-1.14996600151062,0.08538948178291321,-1.0066317319869995
906,906,0.06357723138295114,-1.1870588064193726,0.06604481406509877,-1.2788676023483276
907,907,0.05202661262825131,-1.197471022605896,0.08312796864658595,-0.9733458161354065
908,908,0.06835684567689895,-1.1928856372833252,0.0797793615423143,-1.1336514949798584
909,909,0.06282467413693668,-1.4410629272460938,0.073637800142169,-1.1366605758666992
910,910,0.05769428202882409,-1.2645004987716677,0.07349913217127323,-1.2184345722198486
911,911,0.05062121232040226,-1.410064458847046,0.07349883042275905,-1.040686011314392
912,912,0.06399885984137654,-1.215551257133484,0.08684571271762252,-1.1435478925704956
913,913,0.050845875032246114,-1.1910300254821775,0.0745641770772636,-1.2444000244140625
914,914,0.06692643568851052,-1.296468734741211,0.07857787160202861,-1.0424517393112183
915,915,0.057083693817257884,-1.2460952997207642,0.06618312589824199,-0.9846891760826111
916,916,0.0647682588454336,-1.521242380142212,0.067378356968984,-1.2288694381713867
917,917,0.049386198446154585,-1.1837307214736938,0.0687637454457581,-1.1536985635757446
918,918,0.07141551642678677,-1.4182291030883791,0.07441493406891823,-1.241673469543457
919,919,0.07235779024660588,-1.0487637519836426,0.06537365677766502,-1.2399179935455322
920,920,0.07193790266290306,-1.337352633476257,0.06972905945032835,-1.012891173362732
921,921,0.06306901325471699,-1.1528377532958984,0.07138858970254659,-1.0557351112365723
922,922,0.05668469857424498,-1.171424388885498,0.10435893334448337,-1.0558499097824097
923,923,0.05866629734635353,-1.349591851234436,0.06716208023950458,-1.2632521390914917
924,924,0.06211024838499725,-1.2940831184387207,0.06859471898525954,-1.0391318798065186
925,925,0.06678374258801341,-1.3543192148208618,0.07228998173028231,-1.0590633153915405
926,926,0.05849440502934158,-1.333883285522461,0.07146202601492405,-0.9891656637191772
927,927,0.0616922842990607,-1.2275601625442505,0.07813840605318546,-1.1340761184692383
928,928,0.060281984508037574,-1.3775415420532229,0.07367182707414031,-0.9091274738311768
929,929,0.05467819317243993,-1.219563126564026,0.08779318884015083,-1.153246521949768
930,930,0.05822101416066289,-1.3739198446273804,0.0745831050351262,-1.0789433717727661
931,931,0.06638961620628832,-1.2841914892196655,0.07453614747151732,-1.1072416305541992
932,932,0.0599371964391321,-1.1571598052978516,0.07309334522113203,-1.133493185043335
933,933,0.0710857162065804,-1.452706217765808,0.07659904167056084,-1.161703109741211
934,934,0.05583249204792082,-1.240727782249451,0.06804622462019325,-1.187644124031067
935,935,0.07579054380767047,-1.239110827445984,0.07395506843924522,-1.4196641445159912
936,936,0.061283705774694684,-1.3356003761291504,0.07019110281020403,-1.1854559183120728
937,937,0.0917454155534506,-1.24968159198761,0.07642791461199522,-1.0072364807128906
938,938,0.058673138227313765,-1.301941156387329,0.0938352819159627,-1.1979883909225464
939,939,0.06544480102136731,-1.2128888368606567,0.06444253891706467,-1.0651516914367676
940,940,0.05515682774595916,-1.0280743837356567,0.06989990619942546,-1.0080009698867798
941,941,0.05844313062727451,-1.1080245971679688,0.07586886374279857,-1.0189305543899536
942,942,0.05744190304540098,-1.4548895359039309,0.07602737374603748,-1.0777883529663086
943,943,0.061140153128653764,-1.4359416961669922,0.07685031013563276,-1.1420350074768066
944,944,0.07082364395260811,-1.1399551630020142,0.0738790754787624,-1.1494125127792358
945,945,0.0576334377285093,-1.2798404693603516,0.06482003161683679,-1.1522477865219116
946,946,0.05581516313366592,-1.476169228553772,0.07656384447589516,-1.006709337234497
947,947,0.0817080314643681,-1.2834479808807373,0.07300076564773918,-0.8635914921760559
948,948,0.05607044472359121,-1.0640890598297121,0.0791186978109181,-1.1224840879440308
949,949,0.0626626537553966,-1.228663682937622,0.06399190118536353,-1.0754246711730957
950,950,0.056074453089386224,-1.2940529584884644,0.06758376507088543,-1.0248607397079468
951,951,0.0586894319485873,-1.1216896772384644,0.06873569291085005,-1.149158239364624
952,952,0.0591231741849333,-1.2782790660858154,0.0791087176091969,-1.0455479621887207
953,953,0.060540121458470826,-1.2278616428375244,0.06420071957632899,-1.0246273279190063
954,954,0.06053456007502973,-1.2602869272232056,0.07156075244769454,-0.9951123595237732
955,955,0.05569787838496268,-1.162653923034668,0.07628444336354732,-1.0151299238204956
956,956,0.05230360044166446,-1.4257755279541016,0.07937149547040462,-1.0806493759155273
957,957,0.06667772932909427,-1.2878400087356567,0.076138894893229,-1.006533145904541
958,958,0.06972574546933175,-1.3823816776275637,0.07906574245542287,-1.3189271688461304
959,959,0.06574138562195002,-1.2528417110443115,0.06801302773877978,-1.2650583982467651
960,960,0.058672149153426285,-1.1593496799468994,0.06895938104018569,-1.1011184453964233
961,961,0.06507340671494602,-1.2309110164642334,0.07379200311377644,-1.2308499813079834
962,962,0.052635060409083965,-1.1925110816955566,0.06749969087541104,-1.1062108278274536
963,963,0.06579302524216474,-1.2017574310302734,0.07950499983504415,-1.1815658807754517
964,964,0.0671908288449049,-1.1021428108215332,0.07066139539703727,-1.1639909744262695
965,965,0.06856803314760328,-1.3338404893875122,0.06282683207653462,-1.1239936351776123
966,966,0.05548243478871882,-1.242389678955078,0.06495678763836622,-1.3331234455108643
967,967,0.06329716954380274,-1.4161630868911743,0.07456748824566603,-1.182794213294983
968,968,0.05558502972126008,-1.426111936569214,0.07927591698244214,-1.0927519798278809
969,969,0.07070896082557737,-1.298214554786682,0.07152419710531831,-1.3257304430007935
970,970,0.056558043556287886,-1.2907466888427734,0.07206998493522405,-0.9968177676200867
971,971,0.06892716035246849,-1.0988997220993042,0.07163019256666303,-1.0400620698928833
972,972,0.06143724676221609,-1.0674564838409424,0.07444484839215874,-1.0921778678894043
973,973,0.058855125298723575,-1.2666375637054443,0.07518719239160418,-1.2330056428909302
974,974,0.05869745376519859,-1.1904305219650269,0.0647903492860496,-1.0758492946624756
975,975,0.060210381411015985,-1.2113699913024902,0.06547096667811275,-1.0543855428695679
976,976,0.07724574470892548,-1.414642333984375,0.07075917574577034,-1.0409650802612305
977,977,0.07640073266811669,-1.4290285110473633,0.056785373166203496,-1.1919604539871216
978,978,0.05563365618698299,-1.2220969200134275,0.0695837395451963,-1.20151686668396
979,979,0.06174026145599783,-1.1231769323349,0.0765153908263892,-1.2631646394729614
980,980,0.05771003969945013,-1.1803631782531738,0.07602017939090729,-0.9654499888420105
981,981,0.06401782713830471,-1.2984116077423096,0.0812556929513812,-1.1397343873977661
982,982,0.0581725306995213,-1.180448293685913,0.08249804347753525,-0.9750472903251648
983,983,0.055029299799352886,-1.224284052848816,0.07848724307492376,-1.181234359741211
984,984,0.06608635939657688,-0.9765195846557616,0.06608405290171504,-1.0799531936645508
985,985,0.04919853817671537,-1.0527570247650146,0.07172017662785947,-1.3734644651412964
986,986,0.0683089106529951,-1.0865178108215332,0.07318315979093314,-1.2460895776748657
987,987,0.06745346853509546,-1.1230306625366209,0.07670247124508023,-1.0160025358200073
988,988,0.055200738962739714,-1.1406097412109375,0.07630347499623895,-1.1371641159057617
989,989,0.059439845317974686,-1.1897902488708496,0.07482887575402856,-1.161307692527771
990,990,0.05831382820382714,-0.9806261658668518,0.06444814389571547,-1.131256103515625
991,991,0.058792934389784925,-1.3341121673583984,0.06808233831077815,-1.028348684310913
992,992,0.06425357353873551,-1.1687743663787842,0.0630350274592638,-1.041016936302185
993,993,0.07144170716404914,-1.369121551513672,0.07183214338496327,-1.0868022441864014
994,994,0.07568932628259062,-1.0869264602661133,0.07207560136914254,-1.1817212104797363
995,995,0.054018619265407325,-1.2026755809783936,0.06222300646826625,-1.1475563049316406
996,996,0.06977552963420748,-1.2661105394363403,0.07496714774519204,-1.082985520362854
997,997,0.06379075690172613,-1.214686393737793,0.07872657088562846,-1.0982904434204102
998,998,0.046429283060133456,-1.1362533569335938,0.08368188202381134,-0.9897277355194092
