,TD3_det_q,TD3_det_policy
0,0.7554968098799387,0.07440567761659622
1,0.06847157720476389,0.013265318237245083
2,0.059180686865001914,0.05254170298576355
3,0.05072994786314666,0.04743696376681328
4,0.058802575394511225,0.020802613347768784
5,0.06548951536417008,0.06431158632040024
6,0.060085155689157545,0.0744069367647171
7,0.09644121889956296,0.09042466431856155
8,0.0755109866335988,0.053598225116729736
9,0.07844301507808268,0.0704953745007515
10,0.062197975488379596,0.029386963695287704
11,0.0715851650480181,0.06469085067510605
12,0.09199006638489664,0.029785118997097015
13,0.05664061891846359,-0.20472833514213562
14,0.07878625323064625,-0.35785868763923645
15,0.06507712079212069,-0.42013683915138245
16,0.0692298008967191,-0.42539671063423157
17,0.06585174607113004,-0.46314337849617004
18,0.10340097494423389,-0.6277658939361572
19,0.11635466653853654,-0.6893350481987
20,0.10360510824248195,-0.596670925617218
21,0.09241038696840405,-0.7126390933990479
22,0.12694412540644406,-0.6833405494689941
23,0.09112825425341725,-0.5967211723327637
24,0.08006284443661571,-0.657340407371521
25,0.0843385922908783,-0.6740813255310059
26,0.10354210007935763,-0.7445324063301086
27,0.10207750629633665,-0.7775973081588745
28,0.10881470985710621,-1.0877882242202759
29,0.08632619898766279,-1.2875683307647705
30,0.06971621323376893,-1.3046010732650757
31,0.11378252796828747,-1.0387214422225952
32,0.11246010150760412,-1.3542721271514893
33,0.08868624728173018,-1.277541995048523
34,0.09726921446621418,-1.3150790929794312
35,0.09108474794775248,-1.6373062133789062
36,0.1266395218670368,-1.4804147481918335
37,0.09832901144400238,-1.470762014389038
38,0.08815849658101797,-1.6246612071990967
39,0.08775616548955441,-1.700442910194397
40,0.10429519098252057,-1.8007158041000366
41,0.13182131547480821,-1.815176010131836
42,0.09417648378759623,-1.8367180824279785
43,0.08538523182272911,-1.9470856189727783
44,0.09546942703425884,-2.0231399536132812
45,0.1346737501770258,-2.0026955604553223
46,0.1067565657198429,-1.883446216583252
47,0.09025335263460875,-2.2063632011413574
48,0.08017289847135543,-2.197836399078369
49,0.11547593142837285,-2.2196617126464844
50,0.08800350036472082,-2.2577016353607178
51,0.10453989803791046,-2.388010025024414
52,0.10619900744408368,-2.633728504180908
53,0.11595247913151979,-2.4534406661987305
54,0.09409870818257332,-2.431844711303711
55,0.11151900310069322,-2.5754756927490234
56,0.0956131798401475,-2.4696567058563232
57,0.10678221162408591,-2.708394765853882
58,0.09719637459143997,-2.72941517829895
59,0.0970861268788576,-2.9137232303619385
60,0.09426016267389059,-2.805856227874756
61,0.09657866241410375,-2.976166248321533
62,0.09215068954974413,-2.8739125728607178
63,0.09510120678693056,-2.9168965816497803
64,0.08019841399043798,-3.0117881298065186
65,0.09795965768396854,-3.2578115463256836
66,0.10198192939162254,-3.2690412998199463
67,0.09146001137793064,-2.946852922439575
68,0.09408197391778231,-2.961761474609375
69,0.10985373439267278,-3.049860954284668
70,0.11865084782242775,-3.0099382400512695
71,0.11242317378520966,-3.0463454723358154
72,0.09400300923734903,-2.9555575847625732
73,0.111579984202981,-3.067270278930664
74,0.10392344305291772,-3.1091318130493164
75,0.09750113416463137,-3.2407453060150146
76,0.08393711661919952,-3.0307083129882812
77,0.0983436480537057,-2.941101551055908
78,0.09863932492211461,-3.0580713748931885
79,0.07497050076723098,-3.284006357192993
80,0.09643123790621758,-3.2660789489746094
81,0.11727066414430737,-3.041245222091675
82,0.09238551441580058,-2.9393372535705566
83,0.09033574365079403,-3.162832498550415
84,0.08854398204013705,-2.9520680904388428
85,0.0769204123876989,-3.1248745918273926
86,0.1039964308962226,-3.0794641971588135
87,0.09163897011429072,-3.1753990650177
88,0.09537312217056751,-3.0391790866851807
89,0.10470162423327566,-3.0992379188537598
90,0.08185650074854493,-3.2864010334014893
91,0.10255556119605899,-2.8898632526397705
92,0.07285943498834968,-3.1346609592437744
93,0.10329802453517914,-2.8135905265808105
94,0.09075441986322402,-2.906209945678711
95,0.06947506910189986,-2.826915740966797
96,0.09084477726370097,-3.129246711730957
97,0.08693550307303667,-3.0142037868499756
98,0.0909839747287333,-2.8940176963806152
99,0.09099768405780197,-3.030941963195801
100,0.07841255927458406,-2.9188342094421387
101,0.09215759033337236,-2.8239667415618896
102,0.07556598683819175,-2.806736946105957
103,0.09085422614589334,-2.892597198486328
104,0.09092980364337563,-2.9369254112243652
105,0.10991418778896332,-2.944995880126953
106,0.07400482779368758,-2.817624807357788
107,0.09562636375427246,-2.9204447269439697
108,0.08059923760592938,-2.6616079807281494
109,0.07897030869498849,-2.6239380836486816
110,0.08861597668379545,-2.6253364086151123
111,0.07939642496407032,-2.6845529079437256
112,0.09404691165313124,-2.5644054412841797
113,0.10182197565212846,-2.5888733863830566
114,0.09074184961616993,-2.67045259475708
115,0.07654248217120767,-2.597658157348633
116,0.1015550309792161,-2.541741371154785
117,0.07686743717640639,-2.4688801765441895
118,0.07192029183730483,-2.508197784423828
119,0.0860922977887094,-2.3605360984802246
120,0.10950421534478665,-2.6563034057617188
121,0.08014111688360571,-2.4921019077301025
122,0.10603013867512345,-2.664415121078491
123,0.08705436593852937,-2.469437599182129
124,0.08584666293114424,-2.687499523162842
125,0.09872848164290189,-2.2634177207946777
126,0.08330805419012904,-2.341407299041748
127,0.0646444140560925,-2.438913345336914
128,0.09133689522743225,-2.334209442138672
129,0.0939942473731935,-2.237420082092285
130,0.07795047545805574,-2.1928939819335938
131,0.07227454446256161,-2.2224485874176025
132,0.0879829671420157,-2.3949134349823
133,0.0807845570333302,-2.332612991333008
134,0.0635547565948218,-2.3554837703704834
135,0.0876457179710269,-2.345478057861328
136,0.07977499978616834,-2.3112876415252686
137,0.10178935239091516,-2.5006723403930664
138,0.07763106171041727,-2.3947200775146484
139,0.06552593095228076,-2.2312188148498535
140,0.07683160303160548,-2.176438808441162
141,0.06504662992432714,-2.2768430709838867
142,0.08118203038349747,-2.1618378162384033
143,0.07061429768800735,-2.2431960105895996
144,0.07593965427950025,-2.071913957595825
145,0.07266288476064801,-2.1881444454193115
146,0.07163137879222631,-2.120213747024536
147,0.08867132697254419,-2.400646686553955
148,0.07852526085451245,-2.13546085357666
149,0.08616376051679253,-1.9852681159973145
150,0.09631203750148415,-2.125861883163452
151,0.09381814994849265,-1.9426164627075195
152,0.0695476103760302,-1.9130420684814453
153,0.060670294947922226,-1.7359111309051514
154,0.09308440987020732,-1.9857732057571411
155,0.09317250603809953,-1.8637447357177734
156,0.08634495597332716,-2.1067392826080322
157,0.07637871153652669,-1.7667604684829712
158,0.0872485957853496,-1.8868402242660522
159,0.06214436911046505,-1.8161287307739258
160,0.11557948775589466,-1.7464240789413452
161,0.0665217325463891,-1.8907324075698853
162,0.07737976644188166,-2.007296085357666
163,0.08971270063892006,-2.0055975914001465
164,0.0799400968849659,-1.8235700130462646
165,0.07692331980913877,-2.095792293548584
166,0.07089227663353086,-2.0688648223876953
167,0.08506144551560282,-1.6894911527633667
168,0.08392450217157603,-1.8493562936782837
169,0.07402082052081824,-1.7078242301940918
170,0.06057135259732604,-1.8209667205810547
171,0.10269580410793423,-1.879774570465088
172,0.0757345347572118,-1.6348216533660889
173,0.05599078278057277,-1.717997670173645
174,0.07127331471070647,-1.6165807247161865
175,0.07957507824525237,-1.732048749923706
176,0.08764400893822312,-1.5694329738616943
177,0.07937940079718828,-1.6599373817443848
178,0.08209331885911525,-1.6501555442810059
179,0.06404367190785706,-1.7036511898040771
180,0.08852493785321712,-1.49626624584198
181,0.07173544432036578,-1.6322286128997803
182,0.07189680486917496,-1.558066487312317
183,0.08429188183508814,-1.6594583988189697
184,0.08126553867012262,-1.5192599296569824
185,0.06351300053298474,-1.6317098140716553
186,0.06720993604511022,-1.2352081537246704
187,0.07093530926853418,-1.5260056257247925
188,0.07477208750322462,-1.5361204147338867
189,0.07706432927399874,-1.5891281366348267
190,0.08028399761766196,-1.518759846687317
191,0.07874756893143058,-1.633591651916504
192,0.06137803200632334,-1.8160254955291748
193,0.08420431550592183,-1.4540989398956299
194,0.08199728444218636,-1.705014944076538
195,0.0787586005963385,-1.5117294788360596
196,0.08547023788094521,-1.6473989486694336
197,0.08113843204453587,-1.5530750751495361
198,0.07669757949188352,-1.8649005889892578
199,0.06277474820613861,-1.4456417560577393
200,0.06569002186879516,-1.688161849975586
201,0.07078684076666832,-1.5648993253707886
202,0.0609560670517385,-1.4170255661010742
203,0.07076953737065196,-1.5054783821105957
204,0.09945213107392192,-1.6216001510620117
205,0.07698154868558049,-1.6216235160827637
206,0.07075062282383442,-1.711562991142273
207,0.06233035046607256,-1.5347423553466797
208,0.0834841356985271,-1.4254486560821533
209,0.06686712259426714,-1.5363597869873047
210,0.06711115276440978,-1.6615570783615112
211,0.08531581887975336,-1.3559679985046387
212,0.07612008347176015,-1.5138791799545288
213,0.07515505872666836,-1.5528459548950195
214,0.07414890879765153,-1.577284574508667
215,0.07362404933199286,-1.5759148597717285
216,0.0718937906716019,-1.6190732717514038
217,0.07010934710502624,-1.5321238040924072
218,0.06410489730536938,-1.4704198837280273
219,0.07524822948500515,-1.735857605934143
220,0.058345810333266857,-1.6226873397827148
221,0.08442770596593618,-1.510128378868103
222,0.06351960264146328,-1.4556940793991089
223,0.06934624217450619,-1.401755928993225
224,0.06966868391260504,-1.3971489667892456
225,0.07287476213648915,-1.379767656326294
226,0.0785814093053341,-1.4655512571334839
227,0.08723223090171814,-1.4245848655700684
228,0.06893689115531743,-1.4635419845581055
229,0.06718768507242202,-1.5959852933883667
230,0.06683626798912883,-1.6086727380752563
231,0.08138243047520519,-1.3248133659362793
232,0.07187202446162701,-1.504908800125122
233,0.07293927386403083,-1.5401279926300049
234,0.07424316681921482,-1.525308609008789
235,0.06381663116626442,-1.4176359176635742
236,0.07167593962512911,-1.492561936378479
237,0.07567092875950038,-1.532860279083252
238,0.06708676886744797,-1.4974123239517212
239,0.062437002677470446,-1.4858489036560059
240,0.08514867121353746,-1.5302538871765137
241,0.08560638130642474,-1.4122079610824585
242,0.06054844789206982,-1.4485399723052979
243,0.07784650895744562,-1.5159776210784912
244,0.07375612960197031,-1.3723260164260864
245,0.06440860536880791,-1.3461370468139648
246,0.07199658692814409,-1.2735403776168823
247,0.0652581787109375,-1.3757013082504272
248,0.0785297810845077,-1.3151955604553223
249,0.08813890103250742,-1.3561182022094727
250,0.08886483602225781,-1.4418911933898926
251,0.08159196512773632,-1.6665369272232056
252,0.09645537836477161,-1.4073981046676636
253,0.0649748120456934,-1.3508200645446777
254,0.08064697390422225,-1.1755876541137695
255,0.08527685672044755,-1.4849210977554321
256,0.0735070036444813,-1.4570553302764893
257,0.07259560056962072,-1.2606182098388672
258,0.07901373519562185,-1.1034984588623047
259,0.061297895181924106,-1.3727896213531494
260,0.08480063900351524,-1.3136860132217407
261,0.07761432142928243,-1.43877375125885
262,0.07268883895128965,-1.3221601247787476
263,0.08608946114778519,-1.3330824375152588
264,0.07334588401950896,-1.2244799137115479
265,0.060340817188844084,-1.3819997310638428
266,0.06438774600625038,-1.4519418478012085
267,0.07229905769228935,-1.3276515007019043
268,0.06350345785729587,-1.4149134159088135
269,0.06938789490610361,-1.511361837387085
270,0.054491218477487564,-1.4356796741485596
271,0.09303316606208682,-1.5111970901489258
272,0.06968143510632217,-1.4313889741897583
273,0.07583397969603539,-1.393784999847412
274,0.08381786001846195,-1.1259937286376953
275,0.06749822285026312,-1.1916967630386353
276,0.06782798614352942,-1.192018985748291
277,0.06287032118998467,-1.5051409006118774
278,0.07371673457324505,-1.5235004425048828
279,0.06693610857240856,-1.3242031335830688
280,0.06699475372210145,-1.264139175415039
281,0.06455373442731797,-1.5610584020614624
282,0.08365780534222722,-1.4777811765670776
283,0.06616975677199662,-1.3892743587493896
284,0.09805065802298486,-1.320340871810913
285,0.08024203496053815,-1.2222089767456055
286,0.05779448006302118,-1.4141560792922974
287,0.06188887653872371,-1.4772869348526
288,0.06465965402312576,-1.2012765407562256
289,0.06432707168161869,-1.1764661073684692
290,0.07153866956010461,-1.44490647315979
291,0.08066565718501806,-1.253953218460083
292,0.0723834490776062,-1.5011117458343506
293,0.08540786339901388,-1.2989773750305176
294,0.07493575057946146,-1.312548279762268
295,0.07058445911854505,-1.330458402633667
296,0.07820739084854722,-1.3073869943618774
297,0.07854753823019564,-1.4265786409378052
298,0.06355235883034765,-1.4087719917297363
299,0.06304639043286443,-1.3153200149536133
300,0.07420982756651938,-1.1529940366744995
301,0.06889203906059266,-1.4433985948562622
302,0.061856651175767184,-1.369542121887207
303,0.08285226249136031,-1.2792426347732544
304,0.08674560546875,-1.311042308807373
305,0.08036042466759681,-1.4002115726470947
306,0.07285514133051038,-1.3223055601119995
307,0.09115492602810264,-1.4466969966888428
308,0.06370183575898408,-1.5052292346954346
309,0.06894838500767947,-1.1978424787521362
310,0.0708921385742724,-1.3428362607955933
311,0.05541667561046779,-1.0762202739715576
312,0.07293523792177439,-1.3216336965560913
313,0.07060657791793347,-1.2781230211257935
314,0.05901991883292794,-1.4028346538543701
315,0.07274725395254791,-1.1137841939926147
316,0.06413936764001846,-1.2385367155075073
317,0.05864007037132978,-1.2258001565933228
318,0.09036563403904438,-1.2370274066925049
319,0.06648984596133233,-1.401084303855896
320,0.06830967290326953,-1.0422396659851074
321,0.057280962634831664,-1.1193290948867798
322,0.057765708724036816,-1.5124789476394653
323,0.05791604339145124,-1.3057706356048584
324,0.04959563563577831,-1.1969209909439087
325,0.07944293595850467,-1.1410949230194092
326,0.05850259939208627,-1.3391958475112915
327,0.06772019158117473,-1.2729401588439941
328,0.06556879371404647,-1.3165533542633057
329,0.06109910531900823,-1.437608003616333
330,0.08258478654548526,-1.169093132019043
331,0.08009122825227678,-1.303125023841858
332,0.08380812527611851,-1.1435426473617554
333,0.06919133415445686,-1.1824145317077637
334,0.06643178043887019,-1.454878568649292
335,0.07028280210681259,-1.2942012548446655
336,0.07287929486483335,-1.2445147037506104
337,0.06666066493839025,-1.2112951278686523
338,0.06688058285973966,-1.3330456018447876
339,0.07362208374775946,-1.3867886066436768
340,0.07125616657547652,-1.3085930347442627
341,0.07921545714139938,-1.3750215768814087
342,0.0681041656807065,-1.338482141494751
343,0.0689621288701892,-1.2888424396514893
344,0.07265919127501547,-1.3293668031692505
345,0.062203572671860455,-1.083526611328125
346,0.08077567440457642,-1.2810289859771729
347,0.062154959086328745,-1.2586716413497925
348,0.06442017981782555,-1.292474389076233
349,0.06526729566976427,-1.373832106590271
350,0.07152023205533624,-1.1247186660766602
351,0.06674585098400712,-1.2493492364883423
352,0.08045345885679125,-1.1242560148239136
353,0.0737000828422606,-1.2454355955123901
354,0.05607299163937569,-1.2119311094284058
355,0.060699334051460024,-1.2445955276489258
356,0.07104492389596999,-1.2430144548416138
357,0.06316189484670759,-1.23807692527771
358,0.07429817791096865,-1.1214637756347656
359,0.07831670319661498,-1.2810635566711426
360,0.06280610499903559,-1.2591826915740967
361,0.061231841072440146,-1.276698112487793
362,0.07973926920443773,-1.2106503248214722
363,0.06740590337663889,-1.4383001327514648
364,0.0537050764542073,-1.3172436952590942
365,0.07655460929498076,-1.2030014991760254
366,0.059315427094697955,-1.2338770627975464
367,0.07769058873876929,-1.0093218088150024
368,0.061517038475722076,-1.3325690031051636
369,0.06299837740138173,-1.2045331001281738
370,0.06249666565097869,-1.3679718971252441
371,0.07407148463651538,-1.318961262702942
372,0.08430048788897693,-1.3563112020492554
373,0.06953998226672412,-1.3162862062454224
374,0.07300681822001934,-1.1738146543502808
375,0.06328529756516219,-1.1974626779556274
376,0.0804655322432518,-1.1032990217208862
377,0.07641148272901774,-1.1781799793243408
378,0.06730894254520535,-1.2853370904922485
379,0.09273798922076822,-1.4282238483428955
380,0.07766926163807511,-1.2988888025283813
381,0.07485725471749902,-1.2589566707611084
382,0.06608176205307245,-1.2508702278137207
383,0.0720708166435361,-1.264264464378357
384,0.07511368636041879,-1.429731845855713
385,0.06379211974330247,-1.0901910066604614
386,0.0817363304272294,-1.1193699836730957
387,0.07045073285698891,-1.0673882961273193
388,0.07820893512107432,-1.2253711223602295
389,0.06244134332053363,-1.326737642288208
390,0.0628423810750246,-1.3869694471359253
391,0.08030288267880678,-1.4163329601287842
392,0.054960140706971285,-1.2393392324447632
393,0.06673442307859659,-1.1006628274917603
394,0.07428725436329842,-1.195845365524292
395,0.0719181932322681,-1.0878905057907104
396,0.06963024905882775,-1.2713205814361572
397,0.06910998535342515,-1.3670024871826172
398,0.06159947030246258,-1.2617006301879883
399,0.05829845960251987,-1.3269535303115845
400,0.06562430126592517,-1.180455207824707
401,0.06582388743758201,-1.5944149494171143
402,0.06305570157244801,-1.2534486055374146
403,0.07386202311143279,-1.214482307434082
404,0.06720085271634162,-1.2944514751434326
405,0.07709840431809425,-1.2211905717849731
406,0.07364212650805711,-1.2622828483581543
407,0.07235167030245065,-1.1430414915084839
408,0.07275382702238858,-1.2866942882537842
409,0.06426915777847171,-1.241126537322998
410,0.05446001503616572,-1.3631118535995483
411,0.06765610976144672,-1.2635561227798462
412,0.05892720297910273,-1.3526519536972046
413,0.06668016579002142,-1.2335174083709717
414,0.06626432655379176,-1.1284520626068115
415,0.07792556313797831,-1.2693119049072266
416,0.06941496534273028,-1.1022058725357056
417,0.08076417489908636,-1.2373838424682617
418,0.09180487230420113,-1.2797812223434448
419,0.07797746421769261,-1.5471725463867188
420,0.06221358738839626,-1.1685314178466797
421,0.07546673267148435,-1.2708128690719604
422,0.05560514319688082,-1.2672168016433716
423,0.06689121937379242,-1.3115099668502808
424,0.06523191039450467,-1.1302061080932617
425,0.07336952548474074,-1.4197845458984375
426,0.0693151937611401,-1.2209757566452026
427,0.09465823494829237,-1.3269624710083008
428,0.07353746416978538,-1.2487232685089111
429,0.07403492299839855,-1.102768063545227
430,0.059667937085032464,-1.2112685441970825
431,0.0653900519758463,-1.2102603912353516
432,0.05901528837159276,-1.3696718215942383
433,0.06897375369444489,-1.2354373931884766
434,0.075600346904248,-1.112555980682373
435,0.07245028148405254,-1.3107056617736816
436,0.07283569037914277,-1.109484076499939
437,0.06579282657243311,-1.112940788269043
438,0.0631711607798934,-1.1348943710327148
439,0.07723713206127286,-1.3627760410308838
440,0.0718012956622988,-1.3906604051589966
441,0.06046118998900056,-1.414818286895752
442,0.0802382153365761,-1.3306385278701782
443,0.06383523773401975,-1.3314189910888672
444,0.060483187809586524,-1.3808152675628662
445,0.06110783008858561,-1.405590295791626
446,0.07877788631245494,-1.3033576011657715
447,0.06404637233354152,-1.19009268283844
448,0.0659837386570871,-1.043198823928833
449,0.059347270168364046,-1.3572019338607788
450,0.08405295410193503,-1.2685832977294922
451,0.07116925036534667,-1.1715526580810547
452,0.07149604788050055,-1.5372823476791382
453,0.06397327417507767,-1.2645169496536255
454,0.07931104440242052,-1.4427274465560913
455,0.07958654733374715,-1.288912296295166
456,0.07538932252675296,-1.3261042833328247
457,0.061559878420084715,-1.3268688917160034
458,0.05718206636607647,-1.1462860107421875
459,0.0812689902447164,-1.3447636365890503
460,0.09551762006245554,-1.1774405241012573
461,0.06129703018814325,-1.3210233449935913
462,0.06655474357306958,-1.1565576791763306
463,0.05552469622343779,-1.2738450765609741
464,0.07769931346178055,-1.2353266477584839
465,0.06103180016856641,-1.1171557903289795
466,0.05748196290805936,-1.5065431594848633
467,0.057918291743844746,-1.1782455444335938
468,0.07637292148545384,-1.2427845001220703
469,0.06300725549459457,-1.239693284034729
470,0.07282640976831317,-1.1504019498825073
471,0.053476159637793896,-1.2203245162963867
472,0.06130717355757952,-1.3581628799438477
473,0.06607901057228446,-1.3092422485351562
474,0.08108559801243245,-1.2071294784545898
475,0.07382482641376555,-1.2602124214172363
476,0.06251827199012042,-1.1773872375488281
477,0.07205824308097362,-1.2465970516204834
478,0.0609987670648843,-1.2031069993972778
479,0.06929222919046879,-0.9618596434593201
480,0.06358539458364248,-1.1022162437438965
481,0.06914648246020079,-1.2858705520629883
482,0.06717959808185697,-1.3087509870529175
483,0.09358992531895638,-1.1472108364105225
484,0.05977791553363204,-1.2367383241653442
485,0.06787169157527387,-1.314862847328186
486,0.06490038691088557,-1.3588576316833496
487,0.057402612809091806,-1.2896628379821777
488,0.08310047314502299,-1.185508131980896
489,0.06596409415826202,-1.246576189994812
490,0.06039072535000742,-1.1705251932144165
491,0.06503599153831602,-1.3799126148223877
492,0.0778322156239301,-1.249346375465393
493,0.0610799497179687,-1.360467553138733
494,0.08179547542706132,-1.267645001411438
495,0.0779891772288829,-1.2921111583709717
496,0.05266183651983738,-1.2186251878738403
497,0.06675547083839774,-1.2865082025527954
498,0.0666359987296164,-1.1057803630828857
499,0.053935730094090105,-1.246702790260315
500,0.06168852794915438,-1.1017730236053467
501,0.06678854380734264,-1.1438060998916626
502,0.06421935763210058,-1.2833105325698853
503,0.06096951710991561,-1.2893788814544678
504,0.058025300297886134,-1.2626680135726929
505,0.06021347033791244,-1.2661480903625488
506,0.07404743277467787,-1.1545066833496094
507,0.05964779832400382,-1.2386294603347778
508,0.06747700085863471,-1.2782542705535889
509,0.059957616683095696,-1.2678253650665283
510,0.06499156197533011,-1.2764439582824707
511,0.07358361528255046,-1.356764316558838
512,0.06831860268488527,-1.0607305765151978
513,0.061683998387306926,-1.2736396789550781
514,0.0912880152463913,-1.196400761604309
515,0.06354261766187846,-1.2857186794281006
516,0.08234298376366496,-1.417934775352478
517,0.07624197017401457,-1.3234955072402954
518,0.08662523094564677,-1.3355728387832642
519,0.06401220124214888,-1.3424336910247803
520,0.06589615098200738,-1.272559404373169
521,0.07390529719181359,-1.0525413751602173
522,0.07266660273075104,-1.2731504440307617
523,0.0655971867311746,-1.2746915817260742
524,0.06742622269317508,-1.32340669631958
525,0.056254644934087994,-1.1886438131332397
526,0.06462032820098101,-1.2123949527740479
527,0.07473868740722538,-1.206784725189209
528,0.059957696814090015,-1.3306841850280762
529,0.07637446133419871,-1.2664445638656616
530,0.06652299989014863,-1.1709611415863037
531,0.06023275253362954,-1.1920117139816284
532,0.0631395506579429,-1.2262308597564697
533,0.05642053202725947,-1.194794774055481
534,0.06411252312362194,-1.1429996490478516
535,0.08391110972501338,-1.0842446088790894
536,0.0731274654250592,-1.2587521076202393
537,0.06667767147067934,-1.2226520776748657
538,0.07185021426528693,-1.1484922170639038
539,0.0649763792194426,-1.0417044162750244
540,0.05130510555580258,-1.1945449113845825
541,0.06270543795078992,-1.110381841659546
542,0.05852971500717104,-1.2148230075836182
543,0.08002084339037538,-1.478797197341919
544,0.05866116583347321,-1.3941887617111206
545,0.06023350995965302,-1.1771637201309204
546,0.07921392425894737,-1.3834401369094849
547,0.07517494214698672,-1.3442175388336182
548,0.06489771083462983,-1.2689512968063354
549,0.07151569308713078,-1.1736506223678589
550,0.0633674868941307,-1.0948376655578613
551,0.061172871431335804,-1.224732518196106
552,0.07244861681014299,-1.147237777709961
553,0.06973686903715133,-1.3314580917358398
554,0.07629493336193263,-1.2018793821334839
555,0.05730203249491751,-1.3049856424331665
556,0.06290211772546173,-1.2187989950180054
557,0.061076257359236476,-1.3321613073349
558,0.07851542649790645,-1.2844810485839844
559,0.05713431593962014,-1.3141720294952393
560,0.05709037896245718,-1.1907843351364136
561,0.07038160162046551,-1.4109166860580444
562,0.06833231376484036,-1.2660720348358154
563,0.07565954886376858,-1.395287036895752
564,0.056942337546497586,-1.2133363485336304
565,0.06667212069965898,-1.2282922267913818
566,0.06021074268966913,-1.439141035079956
567,0.07521046806126833,-1.3065929412841797
568,0.07737603716552258,-1.170458197593689
569,0.06105855136178434,-1.1442571878433228
570,0.07440005477517843,-1.2596094608306885
571,0.0654482703935355,-1.1621829271316528
572,0.06288165701553225,-1.1141533851623535
573,0.07114581265486777,-1.166353464126587
574,0.06632165186107158,-1.1367723941802979
575,0.06331996637396514,-1.1658990383148193
576,0.06913905460387468,-1.2376431226730347
577,0.07271261801943182,-1.212509036064148
578,0.061040914608165624,-1.2511662244796753
579,0.06713773760944605,-1.226025938987732
580,0.0678786947671324,-1.3045361042022705
581,0.05719973252154887,-1.2084941864013672
582,0.05836855078116059,-1.1252644062042236
583,0.06071194359101355,-1.245018482208252
584,0.06519238276407123,-1.4450488090515137
585,0.06831452989950776,-1.3627185821533203
586,0.05614477100782096,-1.17864990234375
587,0.0733450427558273,-1.534672498703003
588,0.048553122216835616,-0.9615956544876099
589,0.06851197556592524,-1.3904106616973877
590,0.07046505708247423,-1.238247036933899
591,0.05592962441034615,-1.161647915840149
592,0.06511127635836601,-1.3580372333526611
593,0.08181820413097739,-1.4663816690444946
594,0.07529521910473705,-1.1046620607376099
595,0.07727842636406422,-1.1582435369491577
596,0.05846996262669563,-1.2739520072937012
597,0.05615582272410393,-1.3052849769592285
598,0.07755503218621015,-1.205485463142395
599,0.06791650734841824,-1.3236849308013916
600,0.06610121438279748,-1.3967156410217285
601,0.05637590563390404,-1.3357477188110352
602,0.07106069462373853,-1.194333553314209
603,0.07654446979053318,-1.2011052370071411
604,0.07122434817254543,-1.0353291034698486
605,0.06484054422937334,-1.09232759475708
606,0.06356944190803915,-1.2524700164794922
607,0.0707257735170424,-1.2058653831481934
608,0.08682990489527583,-1.3508508205413818
609,0.06954606886021793,-1.2181131839752197
610,0.05287665903568268,-1.2867969274520874
611,0.051423004805110396,-1.1945579051971436
612,0.07145414638333022,-1.4085837602615356
613,0.06453209437429905,-1.2666140794754028
614,0.06347430103458464,-1.1701111793518066
615,0.060499293291941286,-1.434025764465332
616,0.061556425150483846,-1.2714853286743164
617,0.07199728397652506,-1.3557069301605225
618,0.07274807241745293,-1.2852128744125366
619,0.06430385513231159,-1.1349858045578003
620,0.06792718353681267,-1.1742973327636719
621,0.07003780751489103,-1.3588085174560547
622,0.07503607792779804,-1.2962522506713867
623,0.0809252128843218,-1.412307620048523
624,0.06284426672384143,-1.293337106704712
625,0.0610618253890425,-1.233851671218872
626,0.07461793502792716,-1.1688179969787598
627,0.0635198384989053,-1.227254033088684
628,0.07329935687594116,-1.132095456123352
629,0.059004497230052945,-1.2390737533569336
630,0.06851376798935234,-1.4735009670257568
631,0.05423334245570004,-1.2927920818328857
632,0.05845143996179104,-1.2510464191436768
633,0.05487454784102738,-1.1721540689468384
634,0.06533418040722609,-1.4388072490692139
635,0.06642915946431457,-1.510145902633667
636,0.06340790304355323,-1.1605288982391357
637,0.06562638200819493,-1.1751948595046997
638,0.0781209891475737,-1.3579754829406738
639,0.07343153931200504,-1.2967063188552856
640,0.05668288823217153,-1.1437890529632568
641,0.06639426334761084,-1.4155489206314087
642,0.06692897025495767,-1.5230776071548462
643,0.06264278400689363,-1.3079546689987183
644,0.05757700697518885,-1.3436319828033447
645,0.06120476453565061,-1.3865759372711182
646,0.07118322905153036,-0.9963202476501465
647,0.07255908013321459,-1.2338433265686035
648,0.08779180041514337,-1.1563358306884766
649,0.058736924454569815,-1.2258141040802002
650,0.06154452037997544,-1.3715269565582275
651,0.05731775158084929,-1.3005951642990112
652,0.0654459323361516,-1.3599536418914795
653,0.06878691370598972,-1.2132662534713745
654,0.06728331061080098,-1.4449071884155273
655,0.06227498251013458,-1.4059258699417114
656,0.06639619736932217,-1.3950327634811401
657,0.07185607921332121,-1.3393491506576538
658,0.07287616377696395,-1.3720462322235107
659,0.07237554836086929,-1.2424253225326538
660,0.06325856647454202,-1.2342941761016846
661,0.05551276469603181,-1.1721014976501465
662,0.06324976095929742,-1.5349398851394653
663,0.0762768738064915,-1.3367094993591309
664,0.07761730467900634,-1.318188190460205
665,0.04791389274410904,-1.450925350189209
666,0.06359181065112353,-1.3166152238845825
667,0.06255524402484297,-1.1438452005386353
668,0.05520602162927389,-1.3923568725585938
669,0.06509420447982847,-1.5451668500900269
670,0.06908842963166535,-1.2067651748657227
671,0.0793470319546759,-1.1637940406799316
672,0.07041391977109016,-1.4840118885040283
673,0.06388632505200803,-1.327939748764038
674,0.07564581419341267,-1.3775190114974976
675,0.06910770609974862,-1.1575640439987183
676,0.06442960562184454,-1.2413469552993774
677,0.05049593920819461,-1.459627389907837
678,0.06474690255708992,-1.3539369106292725
679,0.058130200430750845,-1.2274528741836548
680,0.05410195293836296,-1.2463096380233765
681,0.06072882364504039,-1.3604615926742554
682,0.07025958721525967,-1.4171953201293945
683,0.05961676953360438,-1.2135593891143799
684,0.06904489563778043,-1.3488054275512695
685,0.07272685377858579,-1.2687841653823853
686,0.06613466696813702,-1.1799219846725464
687,0.057448617378249765,-1.2876667976379395
688,0.067189009077847,-1.262415885925293
689,0.06166021440178156,-1.4399254322052002
690,0.05505776927806437,-1.3749914169311523
691,0.0737938964413479,-1.3590925931930542
692,0.06045110851526261,-1.1836962699890137
693,0.05736718677915633,-1.3273218870162964
694,0.06713504816405474,-1.232496738433838
695,0.05542744535021484,-1.3628987073898315
696,0.06193619822151959,-1.0945570468902588
697,0.05751860570162535,-1.3664764165878296
698,0.05992799655534327,-1.2842940092086792
699,0.05764351946301758,-1.3140891790390015
700,0.056744300303980706,-1.0800739526748657
701,0.05050209514796734,-1.0874594449996948
702,0.05844018978066742,-1.1286063194274902
703,0.05961005477234721,-1.2386854887008667
704,0.059432814475148914,-1.0887768268585205
705,0.0486288470774889,-1.2713408470153809
706,0.06031583995558321,-1.332514762878418
707,0.069412790723145,-1.3248964548110962
708,0.06554693533107639,-1.2621233463287354
709,0.06585640154778957,-1.2206506729125977
710,0.08329523054882884,-1.3039442300796509
711,0.06833386198617518,-1.2286090850830078
712,0.0736425484996289,-1.140964388847351
713,0.059272160548716785,-1.3246428966522217
714,0.06396336182020605,-1.3838013410568237
715,0.06552506254054606,-1.1645543575286865
716,0.06178630380891263,-1.1065865755081177
717,0.06226539561524987,-1.2898824214935303
718,0.06347557519562542,-1.2685272693634033
719,0.06160631267353892,-1.5138483047485352
720,0.06570711302570999,-1.1998047828674316
721,0.058357493476942184,-1.33589768409729
722,0.06332059388048947,-1.3588125705718994
723,0.06651596860960125,-1.4967195987701416
724,0.06375566485337913,-1.4395116567611694
725,0.06656365658156574,-1.1589940786361694
726,0.0762355441134423,-1.245058298110962
727,0.049609598554670814,-1.1470179557800293
728,0.05785585457459092,-1.2398158311843872
729,0.06113851723261177,-1.1482336521148682
730,0.053702188953757286,-1.186267375946045
731,0.06858672965317965,-1.1949514150619507
732,0.06767073238268495,-1.300890326499939
733,0.06350638136267663,-1.260867953300476
734,0.05976537387818098,-1.2999029159545898
735,0.07154292090795934,-1.282709002494812
736,0.062268243562430145,-1.2058342695236206
737,0.0619537577778101,-1.3769705295562744
738,0.05676563355140388,-1.3352112770080566
739,0.06820647235959769,-1.3780311346054077
740,0.057430359991267325,-1.3141742944717407
741,0.06982404751703143,-1.3900867700576782
742,0.06856515288352966,-1.1203702688217163
743,0.06853875077329576,-1.3874260187149048
744,0.08213975517079235,-1.399488925933838
745,0.06703716947697103,-1.4450170993804932
746,0.06789136294275522,-1.2176998853683472
747,0.06056182450614869,-1.0203070640563965
748,0.0620773929450661,-1.4926259517669678
749,0.064161741072312,-1.3497378826141357
750,0.056176940482109784,-1.2818145751953125
751,0.05728358672000468,-1.4297292232513428
752,0.06552853095345199,-1.1222976446151733
753,0.07691642306745053,-1.2023241519927979
754,0.06651181203313172,-1.261230707168579
755,0.05284587158821523,-1.2593456506729126
756,0.0629610060993582,-1.2702387571334839
757,0.061475853445008395,-1.1962658166885376
758,0.06160508463159203,-1.2404556274414062
759,0.06422398284077645,-1.1763368844985962
760,0.06100622069090605,-1.2023580074310303
761,0.05939102453179657,-1.1886287927627563
762,0.06293226334266365,-1.2274826765060425
763,0.05577558558434248,-1.2375974655151367
764,0.056704840660095214,-1.2285910844802856
765,0.07264896846376359,-1.2564483880996704
766,0.06533235165290535,-1.366314172744751
767,0.05615579505451024,-1.3662841320037842
768,0.06638065043836833,-1.126499056816101
769,0.07014887625351549,-1.1057978868484497
770,0.04930877884849906,-1.164355993270874
771,0.06649481683969498,-1.2467893362045288
772,0.06122437999583781,-1.1692190170288086
773,0.05410197920165956,-1.0375674962997437
774,0.07207802217453718,-1.330027461051941
775,0.0558212405256927,-1.1796568632125854
776,0.09137432218529284,-1.3129950761795044
777,0.06896535750478507,-1.2000136375427246
778,0.060077050626277925,-1.3953137397766113
779,0.0452803756762296,-1.182264804840088
780,0.05770225238054991,-1.3377615213394165
781,0.06228292779065669,-1.1212412118911743
782,0.05207301644608378,-1.0757492780685425
783,0.06710173095576465,-1.2875748872756958
784,0.06495471784844994,-1.3316558599472046
785,0.04793870259076357,-1.1976598501205444
786,0.07803533246740699,-1.1175450086593628
787,0.06387052025645971,-1.230009913444519
788,0.05794143912382424,-1.1478824615478516
789,0.07953833011910319,-1.04288649559021
790,0.0688495890982449,-1.1401784420013428
791,0.0719113851338625,-1.1051859855651855
792,0.05530594568699598,-1.2819079160690308
793,0.053725271923467516,-1.1672937870025635
794,0.06619223430752755,-1.1746705770492554
795,0.052263960861600935,-1.1229621171951294
796,0.05847626100294292,-1.1032311916351318
797,0.06834273879416287,-1.0300781726837158
798,0.06743386898189783,-1.3947203159332275
799,0.05154834905639291,-1.3093626499176025
800,0.057690072068944574,-1.1128534078598022
801,0.067584804687649,-1.1008697748184204
802,0.05537386981770396,-1.1747264862060547
803,0.06142432315275073,-1.2274454832077026
804,0.07581365255638957,-1.3668617010116577
805,0.06028021726757288,-1.1878045797348022
806,0.048974803518503904,-1.2110265493392944
807,0.05265799961052835,-1.1674844026565552
808,0.05792371515184641,-1.2304013967514038
809,0.0805318649020046,-1.391849160194397
810,0.06672641212120652,-0.9775876998901367
811,0.06220872558653354,-1.140648603439331
812,0.06664595948532223,-1.2570120096206665
813,0.07594331098720432,-1.4894380569458008
814,0.06539905887097121,-1.1132359504699707
815,0.053550007455050945,-1.1143068075180054
816,0.07056456670165062,-1.1920194625854492
817,0.07617561371996999,-1.3051246404647827
818,0.0732370440196246,-1.3674490451812744
819,0.06281872926279902,-1.0780836343765259
820,0.0639309994596988,-1.3372334241867065
821,0.060744634196162224,-0.9349421858787537
822,0.07253742195665837,-1.1952240467071533
823,0.052140814075246456,-1.3980565071105957
824,0.07263950664550066,-1.231013298034668
825,0.08043847728520631,-1.2402206659317017
826,0.0618888290040195,-1.142864465713501
827,0.05593010318465531,-1.4263179302215576
828,0.06273706102743745,-1.0867481231689453
829,0.06480997807346284,-1.2014870643615723
830,0.06578259083442389,-1.3581353425979614
831,0.08242199854925275,-1.196943998336792
832,0.07126585891470313,-1.2772032022476196
833,0.08075863465666772,-1.1188126802444458
834,0.055490888515487315,-1.2837872505187988
835,0.0698421380110085,-1.099143624305725
836,0.0645848698168993,-1.3008575439453125
837,0.07372086316347122,-1.4097378253936768
838,0.05960626001469791,-1.0898345708847046
839,0.06335336465388536,-1.1055896282196045
840,0.05825416498817503,-1.2400368452072144
841,0.05420282769948244,-1.0210027694702148
842,0.055304332775995134,-1.2337112426757812
843,0.053944191336631774,-1.170517086982727
844,0.09225250971503555,-1.3035683631896973
845,0.050812704209238294,-1.1950874328613281
846,0.06175490504130721,-1.352457046508789
847,0.05531745715998113,-1.0979112386703491
848,0.06832414577715099,-1.3083189725875854
849,0.057934285681694744,-1.3226903676986694
850,0.06035560203716159,-1.250353455543518
851,0.062136417385190726,-1.1520237922668457
852,0.07207122824154794,-1.2617905139923096
853,0.05530251272954047,-1.4769022464752197
854,0.04316104723140597,-1.321034550666809
855,0.08196312552317978,-1.1295815706253052
856,0.05448125032708049,-1.3170037269592285
857,0.06767385677434504,-1.2526723146438599
858,0.06296370047144592,-1.3668321371078491
859,0.05802664367482066,-1.2258517742156982
860,0.05672808888368309,-1.2455062866210938
861,0.0533907875046134,-1.19486665725708
862,0.06786569353193045,-1.2074098587036133
863,0.060378456134349105,-1.345089077949524
864,0.05540924500674009,-1.25825035572052
865,0.06897300460375845,-1.5019092559814453
866,0.050839724484831095,-1.20262610912323
867,0.06512121782638132,-1.1707473993301392
868,0.055664802063256504,-1.2232911586761475
869,0.061890832269564273,-1.1937432289123535
870,0.054831058476120235,-1.3530875444412231
871,0.06492928015068174,-1.24233078956604
872,0.06907390321604907,-1.29055917263031
873,0.05846355740912259,-1.2303013801574707
874,0.06018327055498958,-1.3584299087524414
875,0.06432708097621799,-1.369724154472351
876,0.06234580156393349,-1.3297139406204224
877,0.07378291262313724,-1.04768705368042
878,0.0782381895557046,-1.1018478870391846
879,0.0725284865219146,-1.2197157144546509
880,0.05466616014018655,-1.3987996578216553
881,0.08626920172944665,-1.2659696340560913
882,0.06325067082419991,-1.2982369661331177
883,0.061009010616689924,-1.2404508590698242
884,0.06194900863803923,-1.2607005834579468
885,0.06699166370555759,-1.2992132902145386
886,0.061854076106101274,-1.216475009918213
887,0.0729803510196507,-1.3250552415847778
888,0.06449724747799337,-1.3949427604675293
889,0.0645737246517092,-1.3224631547927856
890,0.0730955917108804,-1.0541938543319702
891,0.05991509431041777,-1.2520008087158203
892,0.051032616570591924,-1.3224533796310425
893,0.07398626200854778,-1.232631802558899
894,0.057832378707826135,-1.397756814956665
895,0.055831231260672215,-1.261988878250122
896,0.05901585477404296,-1.4318056106567383
897,0.057803613170981406,-0.9804306030273438
898,0.06130984637886286,-1.3859244585037231
899,0.06816245220601559,-1.1717582941055298
900,0.06551835231482983,-1.2437021732330322
901,0.06725066574290395,-1.2141575813293457
902,0.05666878351010382,-1.2725290060043335
903,0.05216055288910866,-1.1903891563415527
904,0.06385008929297328,-1.2455589771270752
905,0.06763318486511707,-1.1499660015106201
906,0.06357723138295114,-1.1870588064193726
907,0.05202661262825131,-1.197471022605896
908,0.06835684567689895,-1.1928856372833252
909,0.06282467413693667,-1.4410629272460938
910,0.05769428202882409,-1.2645004987716675
911,0.050621212320402266,-1.410064458847046
912,0.06399885984137654,-1.2155512571334839
913,0.050845875032246114,-1.1910300254821777
914,0.06692643568851053,-1.296468734741211
915,0.057083693817257884,-1.2460952997207642
916,0.0647682588454336,-1.521242380142212
917,0.04938619844615459,-1.1837307214736938
918,0.07141551642678678,-1.418229103088379
919,0.07235779024660588,-1.0487637519836426
920,0.07193790266290306,-1.3373526334762573
921,0.06306901325471699,-1.1528377532958984
922,0.05668469857424498,-1.171424388885498
923,0.05866629734635353,-1.349591851234436
924,0.06211024838499725,-1.2940831184387207
925,0.06678374258801341,-1.3543192148208618
926,0.05849440502934158,-1.333883285522461
927,0.0616922842990607,-1.2275601625442505
928,0.06028198450803757,-1.3775415420532227
929,0.05467819317243993,-1.2195631265640259
930,0.05822101416066289,-1.3739198446273804
931,0.06638961620628833,-1.2841914892196655
932,0.0599371964391321,-1.1571598052978516
933,0.0710857162065804,-1.452706217765808
934,0.055832492047920824,-1.2407277822494507
935,0.07579054380767047,-1.2391108274459839
936,0.061283705774694684,-1.3356003761291504
937,0.09174541555345059,-1.2496815919876099
938,0.05867313822731376,-1.301941156387329
939,0.06544480102136731,-1.2128888368606567
940,0.05515682774595916,-1.0280743837356567
941,0.05844313062727451,-1.1080245971679688
942,0.05744190304540098,-1.4548895359039307
943,0.061140153128653764,-1.4359416961669922
944,0.07082364395260811,-1.1399551630020142
945,0.057633437728509304,-1.2798404693603516
946,0.05581516313366592,-1.476169228553772
947,0.0817080314643681,-1.2834479808807373
948,0.05607044472359121,-1.064089059829712
949,0.0626626537553966,-1.228663682937622
950,0.056074453089386224,-1.2940529584884644
951,0.0586894319485873,-1.1216896772384644
952,0.059123174184933305,-1.2782790660858154
953,0.06054012145847082,-1.2278616428375244
954,0.060534560075029734,-1.2602869272232056
955,0.05569787838496268,-1.162653923034668
956,0.05230360044166446,-1.4257755279541016
957,0.06667772932909428,-1.2878400087356567
958,0.06972574546933175,-1.3823816776275635
959,0.06574138562195003,-1.2528417110443115
960,0.05867214915342629,-1.1593496799468994
961,0.06507340671494603,-1.2309110164642334
962,0.052635060409083965,-1.1925110816955566
963,0.06579302524216474,-1.2017574310302734
964,0.0671908288449049,-1.1021428108215332
965,0.06856803314760328,-1.3338404893875122
966,0.05548243478871882,-1.2423896789550781
967,0.06329716954380274,-1.4161630868911743
968,0.055585029721260074,-1.4261119365692139
969,0.07070896082557737,-1.2982145547866821
970,0.056558043556287886,-1.2907466888427734
971,0.06892716035246849,-1.0988997220993042
972,0.06143724676221609,-1.0674564838409424
973,0.05885512529872358,-1.2666375637054443
974,0.05869745376519859,-1.1904305219650269
975,0.060210381411015985,-1.2113699913024902
976,0.07724574470892548,-1.414642333984375
977,0.07640073266811669,-1.4290285110473633
978,0.05563365618698299,-1.2220969200134277
979,0.06174026145599783,-1.1231769323349
980,0.057710039699450134,-1.1803631782531738
981,0.06401782713830471,-1.2984116077423096
982,0.0581725306995213,-1.180448293685913
983,0.055029299799352886,-1.224284052848816
984,0.06608635939657688,-0.9765195846557617
985,0.04919853817671537,-1.0527570247650146
986,0.0683089106529951,-1.0865178108215332
987,0.06745346853509546,-1.123030662536621
988,0.05520073896273971,-1.1406097412109375
989,0.059439845317974686,-1.1897902488708496
990,0.05831382820382714,-0.9806261658668518
991,0.05879293438978493,-1.3341121673583984
992,0.06425357353873551,-1.1687743663787842
993,0.07144170716404914,-1.3691215515136719
994,0.07568932628259063,-1.0869264602661133
995,0.054018619265407325,-1.2026755809783936
996,0.06977552963420748,-1.2661105394363403
997,0.06379075690172613,-1.214686393737793
998,0.046429283060133456,-1.1362533569335938
